"filename", "language", "Shell Script", "Markdown", "Docker", "YAML", "Ruby", "Makefile", "Ini", "Properties", "TOML", "comment", "blank", "total"
"/home/galeano/dotfiles/README.md", "Markdown", 0, 90, 0, 0, 0, 0, 0, 0, 0, 0, 28, 118
"/home/galeano/dotfiles/alacritty/.config/alacritty/alacritty.toml", "TOML", 0, 0, 0, 0, 0, 0, 0, 0, 25, 2, 11, 38
"/home/galeano/dotfiles/alacritty/.config/alacritty/custom_themes/iterm.toml", "TOML", 0, 0, 0, 0, 0, 0, 0, 0, 21, 4, 4, 29
"/home/galeano/dotfiles/gtk-3.0/.config/gtk-3.0/settings.ini", "Ini", 0, 0, 0, 0, 0, 0, 2, 0, 0, 0, 0, 2
"/home/galeano/dotfiles/neofetch/.config/neofetch/config.conf", "Properties", 0, 0, 0, 0, 0, 0, 0, 85, 0, 646, 134, 865
"/home/galeano/dotfiles/oh-my-zsh/.oh-my-zsh/custom/plugins/zsh-autosuggestions/.circleci/config.yml", "YAML", 0, 0, 0, 15, 0, 0, 0, 0, 0, 0, 1, 16
"/home/galeano/dotfiles/oh-my-zsh/.oh-my-zsh/custom/plugins/zsh-autosuggestions/.github/ISSUE_TEMPLATE/bug-report.md", "Markdown", 0, 27, 0, 0, 0, 0, 0, 0, 0, 0, 10, 37
"/home/galeano/dotfiles/oh-my-zsh/.oh-my-zsh/custom/plugins/zsh-autosuggestions/.github/ISSUE_TEMPLATE/feature_request.md", "Markdown", 0, 15, 0, 0, 0, 0, 0, 0, 0, 0, 6, 21
"/home/galeano/dotfiles/oh-my-zsh/.oh-my-zsh/custom/plugins/zsh-autosuggestions/.rubocop.yml", "YAML", 0, 0, 0, 20, 0, 0, 0, 0, 0, 2, 9, 31
"/home/galeano/dotfiles/oh-my-zsh/.oh-my-zsh/custom/plugins/zsh-autosuggestions/CHANGELOG.md", "Markdown", 0, 91, 0, 0, 0, 0, 0, 0, 0, 0, 27, 118
"/home/galeano/dotfiles/oh-my-zsh/.oh-my-zsh/custom/plugins/zsh-autosuggestions/Dockerfile", "Docker", 0, 0, 16, 0, 0, 0, 0, 0, 0, 0, 5, 21
"/home/galeano/dotfiles/oh-my-zsh/.oh-my-zsh/custom/plugins/zsh-autosuggestions/Gemfile", "Ruby", 0, 0, 0, 0, 4, 0, 0, 0, 0, 0, 2, 6
"/home/galeano/dotfiles/oh-my-zsh/.oh-my-zsh/custom/plugins/zsh-autosuggestions/INSTALL.md", "Markdown", 0, 57, 0, 0, 0, 0, 0, 0, 0, 0, 25, 82
"/home/galeano/dotfiles/oh-my-zsh/.oh-my-zsh/custom/plugins/zsh-autosuggestions/Makefile", "Makefile", 0, 0, 0, 0, 0, 28, 0, 0, 0, 0, 8, 36
"/home/galeano/dotfiles/oh-my-zsh/.oh-my-zsh/custom/plugins/zsh-autosuggestions/README.md", "Markdown", 0, 104, 0, 0, 0, 0, 0, 0, 0, 0, 88, 192
"/home/galeano/dotfiles/oh-my-zsh/.oh-my-zsh/custom/plugins/zsh-autosuggestions/install_test_zsh.sh", "Shell Script", 18, 0, 0, 0, 0, 0, 0, 0, 0, 1, 8, 27
"/home/galeano/dotfiles/oh-my-zsh/.oh-my-zsh/custom/plugins/zsh-autosuggestions/spec/async_spec.rb", "Ruby", 0, 0, 0, 0, 61, 0, 0, 0, 0, 0, 10, 71
"/home/galeano/dotfiles/oh-my-zsh/.oh-my-zsh/custom/plugins/zsh-autosuggestions/spec/integrations/auto_cd_spec.rb", "Ruby", 0, 0, 0, 0, 13, 0, 0, 0, 0, 0, 2, 15
"/home/galeano/dotfiles/oh-my-zsh/.oh-my-zsh/custom/plugins/zsh-autosuggestions/spec/integrations/bracketed_paste_magic_spec.rb", "Ruby", 0, 0, 0, 0, 39, 0, 0, 0, 0, 0, 5, 44
"/home/galeano/dotfiles/oh-my-zsh/.oh-my-zsh/custom/plugins/zsh-autosuggestions/spec/integrations/client_zpty_spec.rb", "Ruby", 0, 0, 0, 0, 11, 0, 0, 0, 0, 0, 4, 15
"/home/galeano/dotfiles/oh-my-zsh/.oh-my-zsh/custom/plugins/zsh-autosuggestions/spec/integrations/glob_subst_spec.rb", "Ruby", 0, 0, 0, 0, 11, 0, 0, 0, 0, 0, 2, 13
"/home/galeano/dotfiles/oh-my-zsh/.oh-my-zsh/custom/plugins/zsh-autosuggestions/spec/integrations/rebound_bracket_spec.rb", "Ruby", 0, 0, 0, 0, 12, 0, 0, 0, 0, 0, 2, 14
"/home/galeano/dotfiles/oh-my-zsh/.oh-my-zsh/custom/plugins/zsh-autosuggestions/spec/integrations/vi_mode_spec.rb", "Ruby", 0, 0, 0, 0, 69, 0, 0, 0, 0, 0, 12, 81
"/home/galeano/dotfiles/oh-my-zsh/.oh-my-zsh/custom/plugins/zsh-autosuggestions/spec/integrations/wrapped_widget_spec.rb", "Ruby", 0, 0, 0, 0, 35, 0, 0, 0, 0, 0, 5, 40
"/home/galeano/dotfiles/oh-my-zsh/.oh-my-zsh/custom/plugins/zsh-autosuggestions/spec/integrations/zle_input_stack_spec.rb", "Ruby", 0, 0, 0, 0, 20, 0, 0, 0, 0, 1, 4, 25
"/home/galeano/dotfiles/oh-my-zsh/.oh-my-zsh/custom/plugins/zsh-autosuggestions/spec/kill_ring_spec.rb", "Ruby", 0, 0, 0, 0, 19, 0, 0, 0, 0, 0, 5, 24
"/home/galeano/dotfiles/oh-my-zsh/.oh-my-zsh/custom/plugins/zsh-autosuggestions/spec/line_init_spec.rb", "Ruby", 0, 0, 0, 0, 16, 0, 0, 0, 0, 0, 2, 18
"/home/galeano/dotfiles/oh-my-zsh/.oh-my-zsh/custom/plugins/zsh-autosuggestions/spec/multi_line_spec.rb", "Ruby", 0, 0, 0, 0, 8, 0, 0, 0, 0, 0, 1, 9
"/home/galeano/dotfiles/oh-my-zsh/.oh-my-zsh/custom/plugins/zsh-autosuggestions/spec/options/buffer_max_size_spec.rb", "Ruby", 0, 0, 0, 0, 24, 0, 0, 0, 0, 0, 7, 31
"/home/galeano/dotfiles/oh-my-zsh/.oh-my-zsh/custom/plugins/zsh-autosuggestions/spec/options/highlight_style_spec.rb", "Ruby", 0, 0, 0, 0, 6, 0, 0, 0, 0, 0, 2, 8
"/home/galeano/dotfiles/oh-my-zsh/.oh-my-zsh/custom/plugins/zsh-autosuggestions/spec/options/original_widget_prefix_spec.rb", "Ruby", 0, 0, 0, 0, 6, 0, 0, 0, 0, 0, 2, 8
"/home/galeano/dotfiles/oh-my-zsh/.oh-my-zsh/custom/plugins/zsh-autosuggestions/spec/options/strategy_spec.rb", "Ruby", 0, 0, 0, 0, 46, 0, 0, 0, 0, 0, 10, 56
"/home/galeano/dotfiles/oh-my-zsh/.oh-my-zsh/custom/plugins/zsh-autosuggestions/spec/options/widget_lists_spec.rb", "Ruby", 0, 0, 0, 0, 102, 0, 0, 0, 0, 0, 20, 122
"/home/galeano/dotfiles/oh-my-zsh/.oh-my-zsh/custom/plugins/zsh-autosuggestions/spec/spec_helper.rb", "Ruby", 0, 0, 0, 0, 41, 0, 0, 0, 0, 0, 14, 55
"/home/galeano/dotfiles/oh-my-zsh/.oh-my-zsh/custom/plugins/zsh-autosuggestions/spec/strategies/completion_spec.rb", "Ruby", 0, 0, 0, 0, 61, 0, 0, 0, 0, 0, 12, 73
"/home/galeano/dotfiles/oh-my-zsh/.oh-my-zsh/custom/plugins/zsh-autosuggestions/spec/strategies/history_spec.rb", "Ruby", 0, 0, 0, 0, 19, 0, 0, 0, 0, 0, 5, 24
"/home/galeano/dotfiles/oh-my-zsh/.oh-my-zsh/custom/plugins/zsh-autosuggestions/spec/strategies/match_prev_cmd_spec.rb", "Ruby", 0, 0, 0, 0, 28, 0, 0, 0, 0, 0, 7, 35
"/home/galeano/dotfiles/oh-my-zsh/.oh-my-zsh/custom/plugins/zsh-autosuggestions/spec/strategies/special_characters_helper.rb", "Ruby", 0, 0, 0, 0, 66, 0, 0, 0, 0, 0, 10, 76
"/home/galeano/dotfiles/oh-my-zsh/.oh-my-zsh/custom/plugins/zsh-autosuggestions/spec/terminal_session.rb", "Ruby", 0, 0, 0, 0, 73, 0, 0, 0, 0, 0, 27, 100
"/home/galeano/dotfiles/oh-my-zsh/.oh-my-zsh/custom/plugins/zsh-autosuggestions/spec/widgets/disable_spec.rb", "Ruby", 0, 0, 0, 0, 16, 0, 0, 0, 0, 0, 4, 20
"/home/galeano/dotfiles/oh-my-zsh/.oh-my-zsh/custom/plugins/zsh-autosuggestions/spec/widgets/enable_spec.rb", "Ruby", 0, 0, 0, 0, 37, 0, 0, 0, 0, 0, 6, 43
"/home/galeano/dotfiles/oh-my-zsh/.oh-my-zsh/custom/plugins/zsh-autosuggestions/spec/widgets/fetch_spec.rb", "Ruby", 0, 0, 0, 0, 21, 0, 0, 0, 0, 0, 4, 25
"/home/galeano/dotfiles/oh-my-zsh/.oh-my-zsh/custom/plugins/zsh-autosuggestions/spec/widgets/toggle_spec.rb", "Ruby", 0, 0, 0, 0, 21, 0, 0, 0, 0, 0, 6, 27
"/home/galeano/dotfiles/oh-my-zsh/.oh-my-zsh/custom/plugins/zsh-autosuggestions/src/async.zsh", "Shell Script", 35, 0, 0, 0, 0, 0, 0, 0, 0, 26, 16, 77
"/home/galeano/dotfiles/oh-my-zsh/.oh-my-zsh/custom/plugins/zsh-autosuggestions/src/bind.zsh", "Shell Script", 66, 0, 0, 0, 0, 0, 0, 0, 0, 21, 20, 107
"/home/galeano/dotfiles/oh-my-zsh/.oh-my-zsh/custom/plugins/zsh-autosuggestions/src/config.zsh", "Shell Script", 68, 0, 0, 0, 0, 0, 0, 0, 0, 15, 11, 94
"/home/galeano/dotfiles/oh-my-zsh/.oh-my-zsh/custom/plugins/zsh-autosuggestions/src/fetch.zsh", "Shell Script", 11, 0, 0, 0, 0, 0, 0, 0, 0, 10, 7, 28
"/home/galeano/dotfiles/oh-my-zsh/.oh-my-zsh/custom/plugins/zsh-autosuggestions/src/highlight.zsh", "Shell Script", 16, 0, 0, 0, 0, 0, 0, 0, 0, 5, 6, 27
"/home/galeano/dotfiles/oh-my-zsh/.oh-my-zsh/custom/plugins/zsh-autosuggestions/src/start.zsh", "Shell Script", 11, 0, 0, 0, 0, 0, 0, 0, 0, 16, 7, 34
"/home/galeano/dotfiles/oh-my-zsh/.oh-my-zsh/custom/plugins/zsh-autosuggestions/src/strategies/completion.zsh", "Shell Script", 63, 0, 0, 0, 0, 0, 0, 0, 0, 46, 29, 138
"/home/galeano/dotfiles/oh-my-zsh/.oh-my-zsh/custom/plugins/zsh-autosuggestions/src/strategies/history.zsh", "Shell Script", 10, 0, 0, 0, 0, 0, 0, 0, 0, 16, 7, 33
"/home/galeano/dotfiles/oh-my-zsh/.oh-my-zsh/custom/plugins/zsh-autosuggestions/src/strategies/match_prev_cmd.zsh", "Shell Script", 21, 0, 0, 0, 0, 0, 0, 0, 0, 34, 12, 67
"/home/galeano/dotfiles/oh-my-zsh/.oh-my-zsh/custom/plugins/zsh-autosuggestions/src/util.zsh", "Shell Script", 4, 0, 0, 0, 0, 0, 0, 0, 0, 4, 4, 12
"/home/galeano/dotfiles/oh-my-zsh/.oh-my-zsh/custom/plugins/zsh-autosuggestions/src/widgets.zsh", "Shell Script", 137, 0, 0, 0, 0, 0, 0, 0, 0, 44, 51, 232
"/home/galeano/dotfiles/oh-my-zsh/.oh-my-zsh/custom/plugins/zsh-autosuggestions/zsh-autosuggestions.plugin.zsh", "Shell Script", 1, 0, 0, 0, 0, 0, 0, 0, 0, 0, 1, 2
"/home/galeano/dotfiles/oh-my-zsh/.oh-my-zsh/custom/plugins/zsh-autosuggestions/zsh-autosuggestions.zsh", "Shell Script", 442, 0, 0, 0, 0, 0, 0, 0, 0, 263, 160, 865
"/home/galeano/dotfiles/oh-my-zsh/.oh-my-zsh/custom/plugins/zsh-bat/README.md", "Markdown", 0, 13, 0, 0, 0, 0, 0, 0, 0, 0, 10, 23
"/home/galeano/dotfiles/oh-my-zsh/.oh-my-zsh/custom/plugins/zsh-bat/zsh-bat.plugin.zsh", "Shell Script", 9, 0, 0, 0, 0, 0, 0, 0, 0, 5, 4, 18
"/home/galeano/dotfiles/oh-my-zsh/.oh-my-zsh/custom/plugins/zsh-syntax-highlighting/.github/workflows/test.yml", "YAML", 0, 0, 0, 73, 0, 0, 0, 0, 0, 0, 3, 76
"/home/galeano/dotfiles/oh-my-zsh/.oh-my-zsh/custom/plugins/zsh-syntax-highlighting/COPYING.md", "Markdown", 0, 20, 0, 0, 0, 0, 0, 0, 0, 0, 4, 24
"/home/galeano/dotfiles/oh-my-zsh/.oh-my-zsh/custom/plugins/zsh-syntax-highlighting/HACKING.md", "Markdown", 0, 72, 0, 0, 0, 0, 0, 0, 0, 0, 28, 100
"/home/galeano/dotfiles/oh-my-zsh/.oh-my-zsh/custom/plugins/zsh-syntax-highlighting/INSTALL.md", "Markdown", 0, 112, 0, 0, 0, 0, 0, 0, 0, 0, 58, 170
"/home/galeano/dotfiles/oh-my-zsh/.oh-my-zsh/custom/plugins/zsh-syntax-highlighting/Makefile", "Makefile", 0, 0, 0, 0, 0, 54, 0, 0, 0, 2, 9, 65
"/home/galeano/dotfiles/oh-my-zsh/.oh-my-zsh/custom/plugins/zsh-syntax-highlighting/README.md", "Markdown", 0, 66, 0, 0, 0, 0, 0, 0, 0, 0, 32, 98
"/home/galeano/dotfiles/oh-my-zsh/.oh-my-zsh/custom/plugins/zsh-syntax-highlighting/changelog.md", "Markdown", 0, 588, 0, 0, 0, 0, 0, 0, 0, 0, 333, 921
"/home/galeano/dotfiles/oh-my-zsh/.oh-my-zsh/custom/plugins/zsh-syntax-highlighting/docs/highlighters.md", "Markdown", 0, 97, 0, 0, 0, 0, 0, 0, 0, 0, 36, 133
"/home/galeano/dotfiles/oh-my-zsh/.oh-my-zsh/custom/plugins/zsh-syntax-highlighting/docs/highlighters/brackets.md", "Markdown", 0, 22, 0, 0, 0, 0, 0, 0, 0, 0, 10, 32
"/home/galeano/dotfiles/oh-my-zsh/.oh-my-zsh/custom/plugins/zsh-syntax-highlighting/docs/highlighters/cursor.md", "Markdown", 0, 15, 0, 0, 0, 0, 0, 0, 0, 0, 10, 25
"/home/galeano/dotfiles/oh-my-zsh/.oh-my-zsh/custom/plugins/zsh-syntax-highlighting/docs/highlighters/line.md", "Markdown", 0, 15, 0, 0, 0, 0, 0, 0, 0, 0, 10, 25
"/home/galeano/dotfiles/oh-my-zsh/.oh-my-zsh/custom/plugins/zsh-syntax-highlighting/docs/highlighters/main.md", "Markdown", 0, 98, 0, 0, 0, 0, 0, 0, 0, 0, 24, 122
"/home/galeano/dotfiles/oh-my-zsh/.oh-my-zsh/custom/plugins/zsh-syntax-highlighting/docs/highlighters/pattern.md", "Markdown", 0, 16, 0, 0, 0, 0, 0, 0, 0, 0, 9, 25
"/home/galeano/dotfiles/oh-my-zsh/.oh-my-zsh/custom/plugins/zsh-syntax-highlighting/docs/highlighters/regexp.md", "Markdown", 0, 48, 0, 0, 0, 0, 0, 0, 0, 0, 18, 66
"/home/galeano/dotfiles/oh-my-zsh/.oh-my-zsh/custom/plugins/zsh-syntax-highlighting/docs/highlighters/root.md", "Markdown", 0, 16, 0, 0, 0, 0, 0, 0, 0, 0, 10, 26
"/home/galeano/dotfiles/oh-my-zsh/.oh-my-zsh/custom/plugins/zsh-syntax-highlighting/highlighters/README.md", "Markdown", 0, 6, 0, 0, 0, 0, 0, 0, 0, 0, 3, 9
"/home/galeano/dotfiles/oh-my-zsh/.oh-my-zsh/custom/plugins/zsh-syntax-highlighting/highlighters/brackets/README.md", "Markdown", 0, 22, 0, 0, 0, 0, 0, 0, 0, 0, 10, 32
"/home/galeano/dotfiles/oh-my-zsh/.oh-my-zsh/custom/plugins/zsh-syntax-highlighting/highlighters/brackets/brackets-highlighter.zsh", "Shell Script", 64, 0, 0, 0, 0, 0, 0, 0, 0, 35, 9, 108
"/home/galeano/dotfiles/oh-my-zsh/.oh-my-zsh/custom/plugins/zsh-syntax-highlighting/highlighters/brackets/test-data/cursor-matchingbracket-line-finish.zsh", "Shell Script", 5, 0, 0, 0, 0, 0, 0, 0, 0, 28, 4, 37
"/home/galeano/dotfiles/oh-my-zsh/.oh-my-zsh/custom/plugins/zsh-syntax-highlighting/highlighters/brackets/test-data/cursor-matchingbracket.zsh", "Shell Script", 15, 0, 0, 0, 0, 0, 0, 0, 0, 28, 5, 48
"/home/galeano/dotfiles/oh-my-zsh/.oh-my-zsh/custom/plugins/zsh-syntax-highlighting/highlighters/brackets/test-data/empty-styles.zsh", "Shell Script", 3, 0, 0, 0, 0, 0, 0, 0, 0, 28, 3, 34
"/home/galeano/dotfiles/oh-my-zsh/.oh-my-zsh/custom/plugins/zsh-syntax-highlighting/highlighters/brackets/test-data/loop-styles.zsh", "Shell Script", 21, 0, 0, 0, 0, 0, 0, 0, 0, 28, 5, 54
"/home/galeano/dotfiles/oh-my-zsh/.oh-my-zsh/custom/plugins/zsh-syntax-highlighting/highlighters/brackets/test-data/mismatch-patentheses.zsh", "Shell Script", 10, 0, 0, 0, 0, 0, 0, 0, 0, 28, 5, 43
"/home/galeano/dotfiles/oh-my-zsh/.oh-my-zsh/custom/plugins/zsh-syntax-highlighting/highlighters/brackets/test-data/near-quotes.zsh", "Shell Script", 10, 0, 0, 0, 0, 0, 0, 0, 0, 28, 5, 43
"/home/galeano/dotfiles/oh-my-zsh/.oh-my-zsh/custom/plugins/zsh-syntax-highlighting/highlighters/brackets/test-data/nested-parentheses.zsh", "Shell Script", 13, 0, 0, 0, 0, 0, 0, 0, 0, 28, 5, 46
"/home/galeano/dotfiles/oh-my-zsh/.oh-my-zsh/custom/plugins/zsh-syntax-highlighting/highlighters/brackets/test-data/only-error.zsh", "Shell Script", 4, 0, 0, 0, 0, 0, 0, 0, 0, 28, 3, 35
"/home/galeano/dotfiles/oh-my-zsh/.oh-my-zsh/custom/plugins/zsh-syntax-highlighting/highlighters/brackets/test-data/quoted-patentheses.zsh", "Shell Script", 4, 0, 0, 0, 0, 0, 0, 0, 0, 28, 3, 35
"/home/galeano/dotfiles/oh-my-zsh/.oh-my-zsh/custom/plugins/zsh-syntax-highlighting/highlighters/brackets/test-data/simple-parentheses.zsh", "Shell Script", 10, 0, 0, 0, 0, 0, 0, 0, 0, 28, 5, 43
"/home/galeano/dotfiles/oh-my-zsh/.oh-my-zsh/custom/plugins/zsh-syntax-highlighting/highlighters/brackets/test-data/unclosed-patentheses.zsh", "Shell Script", 9, 0, 0, 0, 0, 0, 0, 0, 0, 28, 5, 42
"/home/galeano/dotfiles/oh-my-zsh/.oh-my-zsh/custom/plugins/zsh-syntax-highlighting/highlighters/brackets/test-data/unclosed-patentheses2.zsh", "Shell Script", 8, 0, 0, 0, 0, 0, 0, 0, 0, 28, 5, 41
"/home/galeano/dotfiles/oh-my-zsh/.oh-my-zsh/custom/plugins/zsh-syntax-highlighting/highlighters/cursor/README.md", "Markdown", 0, 15, 0, 0, 0, 0, 0, 0, 0, 0, 10, 25
"/home/galeano/dotfiles/oh-my-zsh/.oh-my-zsh/custom/plugins/zsh-syntax-highlighting/highlighters/cursor/cursor-highlighter.zsh", "Shell Script", 10, 0, 0, 0, 0, 0, 0, 0, 0, 32, 6, 48
"/home/galeano/dotfiles/oh-my-zsh/.oh-my-zsh/custom/plugins/zsh-syntax-highlighting/highlighters/line/README.md", "Markdown", 0, 15, 0, 0, 0, 0, 0, 0, 0, 0, 10, 25
"/home/galeano/dotfiles/oh-my-zsh/.oh-my-zsh/custom/plugins/zsh-syntax-highlighting/highlighters/line/line-highlighter.zsh", "Shell Script", 9, 0, 0, 0, 0, 0, 0, 0, 0, 31, 5, 45
"/home/galeano/dotfiles/oh-my-zsh/.oh-my-zsh/custom/plugins/zsh-syntax-highlighting/highlighters/main/README.md", "Markdown", 0, 98, 0, 0, 0, 0, 0, 0, 0, 0, 24, 122
"/home/galeano/dotfiles/oh-my-zsh/.oh-my-zsh/custom/plugins/zsh-syntax-highlighting/highlighters/main/main-highlighter.zsh", "Shell Script", 1314, 0, 0, 0, 0, 0, 0, 0, 0, 426, 107, 1847
"/home/galeano/dotfiles/oh-my-zsh/.oh-my-zsh/custom/plugins/zsh-syntax-highlighting/highlighters/main/test-data/abspath-in-command-position1.zsh", "Shell Script", 4, 0, 0, 0, 0, 0, 0, 0, 0, 29, 3, 36
"/home/galeano/dotfiles/oh-my-zsh/.oh-my-zsh/custom/plugins/zsh-syntax-highlighting/highlighters/main/test-data/abspath-in-command-position1b.zsh", "Shell Script", 5, 0, 0, 0, 0, 0, 0, 0, 0, 29, 3, 37
"/home/galeano/dotfiles/oh-my-zsh/.oh-my-zsh/custom/plugins/zsh-syntax-highlighting/highlighters/main/test-data/abspath-in-command-position2.zsh", "Shell Script", 4, 0, 0, 0, 0, 0, 0, 0, 0, 29, 3, 36
"/home/galeano/dotfiles/oh-my-zsh/.oh-my-zsh/custom/plugins/zsh-syntax-highlighting/highlighters/main/test-data/abspath-in-command-position3.zsh", "Shell Script", 6, 0, 0, 0, 0, 0, 0, 0, 0, 29, 3, 38
"/home/galeano/dotfiles/oh-my-zsh/.oh-my-zsh/custom/plugins/zsh-syntax-highlighting/highlighters/main/test-data/abspath-in-command-position3b.zsh", "Shell Script", 7, 0, 0, 0, 0, 0, 0, 0, 0, 29, 3, 39
"/home/galeano/dotfiles/oh-my-zsh/.oh-my-zsh/custom/plugins/zsh-syntax-highlighting/highlighters/main/test-data/abspath-in-command-position4.zsh", "Shell Script", 4, 0, 0, 0, 0, 0, 0, 0, 0, 29, 3, 36
"/home/galeano/dotfiles/oh-my-zsh/.oh-my-zsh/custom/plugins/zsh-syntax-highlighting/highlighters/main/test-data/abspath-in-command-position5.zsh", "Shell Script", 4, 0, 0, 0, 0, 0, 0, 0, 0, 29, 3, 36
"/home/galeano/dotfiles/oh-my-zsh/.oh-my-zsh/custom/plugins/zsh-syntax-highlighting/highlighters/main/test-data/alias-assignment1.zsh", "Shell Script", 6, 0, 0, 0, 0, 0, 0, 0, 0, 30, 3, 39
"/home/galeano/dotfiles/oh-my-zsh/.oh-my-zsh/custom/plugins/zsh-syntax-highlighting/highlighters/main/test-data/alias-basic.zsh", "Shell Script", 5, 0, 0, 0, 0, 0, 0, 0, 0, 28, 3, 36
"/home/galeano/dotfiles/oh-my-zsh/.oh-my-zsh/custom/plugins/zsh-syntax-highlighting/highlighters/main/test-data/alias-brackets.zsh", "Shell Script", 6, 0, 0, 0, 0, 0, 0, 0, 0, 32, 4, 42
"/home/galeano/dotfiles/oh-my-zsh/.oh-my-zsh/custom/plugins/zsh-syntax-highlighting/highlighters/main/test-data/alias-command-substitution.zsh", "Shell Script", 5, 0, 0, 0, 0, 0, 0, 0, 0, 30, 3, 38
"/home/galeano/dotfiles/oh-my-zsh/.oh-my-zsh/custom/plugins/zsh-syntax-highlighting/highlighters/main/test-data/alias-comment1.zsh", "Shell Script", 6, 0, 0, 0, 0, 0, 0, 0, 0, 29, 3, 38
"/home/galeano/dotfiles/oh-my-zsh/.oh-my-zsh/custom/plugins/zsh-syntax-highlighting/highlighters/main/test-data/alias-comment2.zsh", "Shell Script", 6, 0, 0, 0, 0, 0, 0, 0, 0, 29, 3, 38
"/home/galeano/dotfiles/oh-my-zsh/.oh-my-zsh/custom/plugins/zsh-syntax-highlighting/highlighters/main/test-data/alias-complex.zsh", "Shell Script", 7, 0, 0, 0, 0, 0, 0, 0, 0, 28, 4, 39
"/home/galeano/dotfiles/oh-my-zsh/.oh-my-zsh/custom/plugins/zsh-syntax-highlighting/highlighters/main/test-data/alias-empty.zsh", "Shell Script", 7, 0, 0, 0, 0, 0, 0, 0, 0, 28, 4, 39
"/home/galeano/dotfiles/oh-my-zsh/.oh-my-zsh/custom/plugins/zsh-syntax-highlighting/highlighters/main/test-data/alias-eponymous1.zsh", "Shell Script", 5, 0, 0, 0, 0, 0, 0, 0, 0, 28, 4, 37
"/home/galeano/dotfiles/oh-my-zsh/.oh-my-zsh/custom/plugins/zsh-syntax-highlighting/highlighters/main/test-data/alias-eponymous2.zsh", "Shell Script", 5, 0, 0, 0, 0, 0, 0, 0, 0, 28, 4, 37
"/home/galeano/dotfiles/oh-my-zsh/.oh-my-zsh/custom/plugins/zsh-syntax-highlighting/highlighters/main/test-data/alias-in-cmdsubst.zsh", "Shell Script", 11, 0, 0, 0, 0, 0, 0, 0, 0, 29, 4, 44
"/home/galeano/dotfiles/oh-my-zsh/.oh-my-zsh/custom/plugins/zsh-syntax-highlighting/highlighters/main/test-data/alias-loop.zsh", "Shell Script", 9, 0, 0, 0, 0, 0, 0, 0, 0, 32, 4, 45
"/home/galeano/dotfiles/oh-my-zsh/.oh-my-zsh/custom/plugins/zsh-syntax-highlighting/highlighters/main/test-data/alias-loop2.zsh", "Shell Script", 5, 0, 0, 0, 0, 0, 0, 0, 0, 28, 3, 36
"/home/galeano/dotfiles/oh-my-zsh/.oh-my-zsh/custom/plugins/zsh-syntax-highlighting/highlighters/main/test-data/alias-nested-precommand.zsh", "Shell Script", 11, 0, 0, 0, 0, 0, 0, 0, 0, 29, 4, 44
"/home/galeano/dotfiles/oh-my-zsh/.oh-my-zsh/custom/plugins/zsh-syntax-highlighting/highlighters/main/test-data/alias-nested.zsh", "Shell Script", 8, 0, 0, 0, 0, 0, 0, 0, 0, 29, 4, 41
"/home/galeano/dotfiles/oh-my-zsh/.oh-my-zsh/custom/plugins/zsh-syntax-highlighting/highlighters/main/test-data/alias-parameter.zsh", "Shell Script", 6, 0, 0, 0, 0, 0, 0, 0, 0, 29, 4, 39
"/home/galeano/dotfiles/oh-my-zsh/.oh-my-zsh/custom/plugins/zsh-syntax-highlighting/highlighters/main/test-data/alias-precommand-option-argument1.zsh", "Shell Script", 9, 0, 0, 0, 0, 0, 0, 0, 0, 30, 4, 43
"/home/galeano/dotfiles/oh-my-zsh/.oh-my-zsh/custom/plugins/zsh-syntax-highlighting/highlighters/main/test-data/alias-precommand-option-argument2.zsh", "Shell Script", 10, 0, 0, 0, 0, 0, 0, 0, 0, 29, 4, 43
"/home/galeano/dotfiles/oh-my-zsh/.oh-my-zsh/custom/plugins/zsh-syntax-highlighting/highlighters/main/test-data/alias-precommand-option-argument3.zsh", "Shell Script", 9, 0, 0, 0, 0, 0, 0, 0, 0, 30, 4, 43
"/home/galeano/dotfiles/oh-my-zsh/.oh-my-zsh/custom/plugins/zsh-syntax-highlighting/highlighters/main/test-data/alias-precommand-option-argument4.zsh", "Shell Script", 10, 0, 0, 0, 0, 0, 0, 0, 0, 29, 4, 43
"/home/galeano/dotfiles/oh-my-zsh/.oh-my-zsh/custom/plugins/zsh-syntax-highlighting/highlighters/main/test-data/alias-quoted.zsh", "Shell Script", 8, 0, 0, 0, 0, 0, 0, 0, 0, 29, 3, 40
"/home/galeano/dotfiles/oh-my-zsh/.oh-my-zsh/custom/plugins/zsh-syntax-highlighting/highlighters/main/test-data/alias-redirect.zsh", "Shell Script", 8, 0, 0, 0, 0, 0, 0, 0, 0, 28, 3, 39
"/home/galeano/dotfiles/oh-my-zsh/.oh-my-zsh/custom/plugins/zsh-syntax-highlighting/highlighters/main/test-data/alias-reuse1.zsh", "Shell Script", 7, 0, 0, 0, 0, 0, 0, 0, 0, 29, 4, 40
"/home/galeano/dotfiles/oh-my-zsh/.oh-my-zsh/custom/plugins/zsh-syntax-highlighting/highlighters/main/test-data/alias-reuse2.zsh", "Shell Script", 7, 0, 0, 0, 0, 0, 0, 0, 0, 29, 4, 40
"/home/galeano/dotfiles/oh-my-zsh/.oh-my-zsh/custom/plugins/zsh-syntax-highlighting/highlighters/main/test-data/alias-reuse3.zsh", "Shell Script", 7, 0, 0, 0, 0, 0, 0, 0, 0, 29, 4, 40
"/home/galeano/dotfiles/oh-my-zsh/.oh-my-zsh/custom/plugins/zsh-syntax-highlighting/highlighters/main/test-data/alias-reuse4.zsh", "Shell Script", 10, 0, 0, 0, 0, 0, 0, 0, 0, 29, 4, 43
"/home/galeano/dotfiles/oh-my-zsh/.oh-my-zsh/custom/plugins/zsh-syntax-highlighting/highlighters/main/test-data/alias-reuse5.zsh", "Shell Script", 11, 0, 0, 0, 0, 0, 0, 0, 0, 29, 4, 44
"/home/galeano/dotfiles/oh-my-zsh/.oh-my-zsh/custom/plugins/zsh-syntax-highlighting/highlighters/main/test-data/alias-self.zsh", "Shell Script", 6, 0, 0, 0, 0, 0, 0, 0, 0, 29, 4, 39
"/home/galeano/dotfiles/oh-my-zsh/.oh-my-zsh/custom/plugins/zsh-syntax-highlighting/highlighters/main/test-data/alias-self2.zsh", "Shell Script", 5, 0, 0, 0, 0, 0, 0, 0, 0, 29, 4, 38
"/home/galeano/dotfiles/oh-my-zsh/.oh-my-zsh/custom/plugins/zsh-syntax-highlighting/highlighters/main/test-data/alias-to-dir.zsh", "Shell Script", 5, 0, 0, 0, 0, 0, 0, 0, 0, 29, 3, 37
"/home/galeano/dotfiles/oh-my-zsh/.oh-my-zsh/custom/plugins/zsh-syntax-highlighting/highlighters/main/test-data/alias-to-dir1b.zsh", "Shell Script", 6, 0, 0, 0, 0, 0, 0, 0, 0, 29, 3, 38
"/home/galeano/dotfiles/oh-my-zsh/.oh-my-zsh/custom/plugins/zsh-syntax-highlighting/highlighters/main/test-data/alias-unknown-token1.zsh", "Shell Script", 5, 0, 0, 0, 0, 0, 0, 0, 0, 29, 4, 38
"/home/galeano/dotfiles/oh-my-zsh/.oh-my-zsh/custom/plugins/zsh-syntax-highlighting/highlighters/main/test-data/alias-unknown-token2.zsh", "Shell Script", 5, 0, 0, 0, 0, 0, 0, 0, 0, 29, 4, 38
"/home/galeano/dotfiles/oh-my-zsh/.oh-my-zsh/custom/plugins/zsh-syntax-highlighting/highlighters/main/test-data/alias.zsh", "Shell Script", 16, 0, 0, 0, 0, 0, 0, 0, 0, 34, 4, 54
"/home/galeano/dotfiles/oh-my-zsh/.oh-my-zsh/custom/plugins/zsh-syntax-highlighting/highlighters/main/test-data/always1.zsh", "Shell Script", 10, 0, 0, 0, 0, 0, 0, 0, 0, 29, 3, 42
"/home/galeano/dotfiles/oh-my-zsh/.oh-my-zsh/custom/plugins/zsh-syntax-highlighting/highlighters/main/test-data/always2.zsh", "Shell Script", 12, 0, 0, 0, 0, 0, 0, 0, 0, 29, 3, 44
"/home/galeano/dotfiles/oh-my-zsh/.oh-my-zsh/custom/plugins/zsh-syntax-highlighting/highlighters/main/test-data/always3.zsh", "Shell Script", 12, 0, 0, 0, 0, 0, 0, 0, 0, 29, 3, 44
"/home/galeano/dotfiles/oh-my-zsh/.oh-my-zsh/custom/plugins/zsh-syntax-highlighting/highlighters/main/test-data/anonymous-function.zsh", "Shell Script", 14, 0, 0, 0, 0, 0, 0, 0, 0, 28, 3, 45
"/home/galeano/dotfiles/oh-my-zsh/.oh-my-zsh/custom/plugins/zsh-syntax-highlighting/highlighters/main/test-data/arg0-colon.zsh", "Shell Script", 4, 0, 0, 0, 0, 0, 0, 0, 0, 29, 3, 36
"/home/galeano/dotfiles/oh-my-zsh/.oh-my-zsh/custom/plugins/zsh-syntax-highlighting/highlighters/main/test-data/arith-cmdsubst-mess.zsh", "Shell Script", 15, 0, 0, 0, 0, 0, 0, 0, 0, 29, 3, 47
"/home/galeano/dotfiles/oh-my-zsh/.oh-my-zsh/custom/plugins/zsh-syntax-highlighting/highlighters/main/test-data/arith1.zsh", "Shell Script", 6, 0, 0, 0, 0, 0, 0, 0, 0, 29, 3, 38
"/home/galeano/dotfiles/oh-my-zsh/.oh-my-zsh/custom/plugins/zsh-syntax-highlighting/highlighters/main/test-data/arith2.zsh", "Shell Script", 7, 0, 0, 0, 0, 0, 0, 0, 0, 29, 3, 39
"/home/galeano/dotfiles/oh-my-zsh/.oh-my-zsh/custom/plugins/zsh-syntax-highlighting/highlighters/main/test-data/arithmetic-command-substitution.zsh", "Shell Script", 11, 0, 0, 0, 0, 0, 0, 0, 0, 29, 3, 43
"/home/galeano/dotfiles/oh-my-zsh/.oh-my-zsh/custom/plugins/zsh-syntax-highlighting/highlighters/main/test-data/arithmetic-doubled-parens.zsh", "Shell Script", 6, 0, 0, 0, 0, 0, 0, 0, 0, 29, 3, 38
"/home/galeano/dotfiles/oh-my-zsh/.oh-my-zsh/custom/plugins/zsh-syntax-highlighting/highlighters/main/test-data/arithmetic-empty.zsh", "Shell Script", 8, 0, 0, 0, 0, 0, 0, 0, 0, 29, 3, 40
"/home/galeano/dotfiles/oh-my-zsh/.oh-my-zsh/custom/plugins/zsh-syntax-highlighting/highlighters/main/test-data/arithmetic-evaluation.zsh", "Shell Script", 5, 0, 0, 0, 0, 0, 0, 0, 0, 33, 3, 41
"/home/galeano/dotfiles/oh-my-zsh/.oh-my-zsh/custom/plugins/zsh-syntax-highlighting/highlighters/main/test-data/arithmetic-hist-expn.zsh", "Shell Script", 7, 0, 0, 0, 0, 0, 0, 0, 0, 29, 3, 39
"/home/galeano/dotfiles/oh-my-zsh/.oh-my-zsh/custom/plugins/zsh-syntax-highlighting/highlighters/main/test-data/arithmetic-invalid-chars.zsh", "Shell Script", 8, 0, 0, 0, 0, 0, 0, 0, 0, 29, 3, 40
"/home/galeano/dotfiles/oh-my-zsh/.oh-my-zsh/custom/plugins/zsh-syntax-highlighting/highlighters/main/test-data/arithmetic-multiplication.zsh", "Shell Script", 8, 0, 0, 0, 0, 0, 0, 0, 0, 29, 3, 40
"/home/galeano/dotfiles/oh-my-zsh/.oh-my-zsh/custom/plugins/zsh-syntax-highlighting/highlighters/main/test-data/arithmetic-nested.zsh", "Shell Script", 7, 0, 0, 0, 0, 0, 0, 0, 0, 29, 3, 39
"/home/galeano/dotfiles/oh-my-zsh/.oh-my-zsh/custom/plugins/zsh-syntax-highlighting/highlighters/main/test-data/arithmetic-quoted.zsh", "Shell Script", 7, 0, 0, 0, 0, 0, 0, 0, 0, 29, 3, 39
"/home/galeano/dotfiles/oh-my-zsh/.oh-my-zsh/custom/plugins/zsh-syntax-highlighting/highlighters/main/test-data/arithmetic-unclosed.zsh", "Shell Script", 6, 0, 0, 0, 0, 0, 0, 0, 0, 29, 3, 38
"/home/galeano/dotfiles/oh-my-zsh/.oh-my-zsh/custom/plugins/zsh-syntax-highlighting/highlighters/main/test-data/arithmetic-unfinished.zsh", "Shell Script", 9, 0, 0, 0, 0, 0, 0, 0, 0, 29, 4, 42
"/home/galeano/dotfiles/oh-my-zsh/.oh-my-zsh/custom/plugins/zsh-syntax-highlighting/highlighters/main/test-data/array-cmdsep1.zsh", "Shell Script", 10, 0, 0, 0, 0, 0, 0, 0, 0, 33, 3, 46
"/home/galeano/dotfiles/oh-my-zsh/.oh-my-zsh/custom/plugins/zsh-syntax-highlighting/highlighters/main/test-data/array-cmdsep2.zsh", "Shell Script", 10, 0, 0, 0, 0, 0, 0, 0, 0, 29, 3, 42
"/home/galeano/dotfiles/oh-my-zsh/.oh-my-zsh/custom/plugins/zsh-syntax-highlighting/highlighters/main/test-data/array-cmdsep3.zsh", "Shell Script", 10, 0, 0, 0, 0, 0, 0, 0, 0, 29, 3, 42
"/home/galeano/dotfiles/oh-my-zsh/.oh-my-zsh/custom/plugins/zsh-syntax-highlighting/highlighters/main/test-data/assign-append.zsh", "Shell Script", 9, 0, 0, 0, 0, 0, 0, 0, 0, 28, 3, 40
"/home/galeano/dotfiles/oh-my-zsh/.oh-my-zsh/custom/plugins/zsh-syntax-highlighting/highlighters/main/test-data/assign-argv.zsh", "Shell Script", 8, 0, 0, 0, 0, 0, 0, 0, 0, 28, 3, 39
"/home/galeano/dotfiles/oh-my-zsh/.oh-my-zsh/custom/plugins/zsh-syntax-highlighting/highlighters/main/test-data/assign-array.zsh", "Shell Script", 11, 0, 0, 0, 0, 0, 0, 0, 0, 28, 3, 42
"/home/galeano/dotfiles/oh-my-zsh/.oh-my-zsh/custom/plugins/zsh-syntax-highlighting/highlighters/main/test-data/assign-array2.zsh", "Shell Script", 10, 0, 0, 0, 0, 0, 0, 0, 0, 28, 3, 41
"/home/galeano/dotfiles/oh-my-zsh/.oh-my-zsh/custom/plugins/zsh-syntax-highlighting/highlighters/main/test-data/assign-array3.zsh", "Shell Script", 11, 0, 0, 0, 0, 0, 0, 0, 0, 28, 3, 42
"/home/galeano/dotfiles/oh-my-zsh/.oh-my-zsh/custom/plugins/zsh-syntax-highlighting/highlighters/main/test-data/assign-invalid-command.zsh", "Shell Script", 6, 0, 0, 0, 0, 0, 0, 0, 0, 29, 3, 38
"/home/galeano/dotfiles/oh-my-zsh/.oh-my-zsh/custom/plugins/zsh-syntax-highlighting/highlighters/main/test-data/assign-not-array.zsh", "Shell Script", 6, 0, 0, 0, 0, 0, 0, 0, 0, 28, 3, 37
"/home/galeano/dotfiles/oh-my-zsh/.oh-my-zsh/custom/plugins/zsh-syntax-highlighting/highlighters/main/test-data/assign-not-array2.zsh", "Shell Script", 6, 0, 0, 0, 0, 0, 0, 0, 0, 28, 3, 37
"/home/galeano/dotfiles/oh-my-zsh/.oh-my-zsh/custom/plugins/zsh-syntax-highlighting/highlighters/main/test-data/assign-quoted-cmdsubst.zsh", "Shell Script", 14, 0, 0, 0, 0, 0, 0, 0, 0, 29, 3, 46
"/home/galeano/dotfiles/oh-my-zsh/.oh-my-zsh/custom/plugins/zsh-syntax-highlighting/highlighters/main/test-data/assign-semicolon.zsh", "Shell Script", 9, 0, 0, 0, 0, 0, 0, 0, 0, 28, 3, 40
"/home/galeano/dotfiles/oh-my-zsh/.oh-my-zsh/custom/plugins/zsh-syntax-highlighting/highlighters/main/test-data/assign-subshell.zsh", "Shell Script", 7, 0, 0, 0, 0, 0, 0, 0, 0, 28, 3, 38
"/home/galeano/dotfiles/oh-my-zsh/.oh-my-zsh/custom/plugins/zsh-syntax-highlighting/highlighters/main/test-data/assign-value-quote1.zsh", "Shell Script", 6, 0, 0, 0, 0, 0, 0, 0, 0, 29, 3, 38
"/home/galeano/dotfiles/oh-my-zsh/.oh-my-zsh/custom/plugins/zsh-syntax-highlighting/highlighters/main/test-data/assign-value-quote2.zsh", "Shell Script", 6, 0, 0, 0, 0, 0, 0, 0, 0, 29, 3, 38
"/home/galeano/dotfiles/oh-my-zsh/.oh-my-zsh/custom/plugins/zsh-syntax-highlighting/highlighters/main/test-data/assign.zsh", "Shell Script", 12, 0, 0, 0, 0, 0, 0, 0, 0, 28, 3, 43
"/home/galeano/dotfiles/oh-my-zsh/.oh-my-zsh/custom/plugins/zsh-syntax-highlighting/highlighters/main/test-data/assignment-before-resword1.zsh", "Shell Script", 9, 0, 0, 0, 0, 0, 0, 0, 0, 29, 3, 41
"/home/galeano/dotfiles/oh-my-zsh/.oh-my-zsh/custom/plugins/zsh-syntax-highlighting/highlighters/main/test-data/assignment-before-resword2.zsh", "Shell Script", 9, 0, 0, 0, 0, 0, 0, 0, 0, 29, 3, 41
"/home/galeano/dotfiles/oh-my-zsh/.oh-my-zsh/custom/plugins/zsh-syntax-highlighting/highlighters/main/test-data/assignment-before-resword3.zsh", "Shell Script", 6, 0, 0, 0, 0, 0, 0, 0, 0, 29, 3, 38
"/home/galeano/dotfiles/oh-my-zsh/.oh-my-zsh/custom/plugins/zsh-syntax-highlighting/highlighters/main/test-data/assignment-before-resword4.zsh", "Shell Script", 9, 0, 0, 0, 0, 0, 0, 0, 0, 29, 3, 41
"/home/galeano/dotfiles/oh-my-zsh/.oh-my-zsh/custom/plugins/zsh-syntax-highlighting/highlighters/main/test-data/assignment-before-resword5.zsh", "Shell Script", 7, 0, 0, 0, 0, 0, 0, 0, 0, 29, 3, 39
"/home/galeano/dotfiles/oh-my-zsh/.oh-my-zsh/custom/plugins/zsh-syntax-highlighting/highlighters/main/test-data/assignment-quoted.zsh", "Shell Script", 6, 0, 0, 0, 0, 0, 0, 0, 0, 29, 3, 38
"/home/galeano/dotfiles/oh-my-zsh/.oh-my-zsh/custom/plugins/zsh-syntax-highlighting/highlighters/main/test-data/back-quoted-argument.zsh", "Shell Script", 28, 0, 0, 0, 0, 0, 0, 0, 0, 28, 3, 59
"/home/galeano/dotfiles/oh-my-zsh/.oh-my-zsh/custom/plugins/zsh-syntax-highlighting/highlighters/main/test-data/back-quoted-open.zsh", "Shell Script", 10, 0, 0, 0, 0, 0, 0, 0, 0, 29, 3, 42
"/home/galeano/dotfiles/oh-my-zsh/.oh-my-zsh/custom/plugins/zsh-syntax-highlighting/highlighters/main/test-data/backslash-continuation.zsh", "Shell Script", 5, 0, 0, 0, 0, 0, 0, 0, 0, 28, 3, 36
"/home/galeano/dotfiles/oh-my-zsh/.oh-my-zsh/custom/plugins/zsh-syntax-highlighting/highlighters/main/test-data/backslash-continuation2.zsh", "Shell Script", 6, 0, 0, 0, 0, 0, 0, 0, 0, 29, 3, 38
"/home/galeano/dotfiles/oh-my-zsh/.oh-my-zsh/custom/plugins/zsh-syntax-highlighting/highlighters/main/test-data/backslash-space.zsh", "Shell Script", 8, 0, 0, 0, 0, 0, 0, 0, 0, 29, 3, 40
"/home/galeano/dotfiles/oh-my-zsh/.oh-my-zsh/custom/plugins/zsh-syntax-highlighting/highlighters/main/test-data/backslash.zsh", "Shell Script", 4, 0, 0, 0, 0, 0, 0, 0, 0, 28, 3, 35
"/home/galeano/dotfiles/oh-my-zsh/.oh-my-zsh/custom/plugins/zsh-syntax-highlighting/highlighters/main/test-data/bang-assign-array.zsh", "Shell Script", 11, 0, 0, 0, 0, 0, 0, 0, 0, 29, 3, 43
"/home/galeano/dotfiles/oh-my-zsh/.oh-my-zsh/custom/plugins/zsh-syntax-highlighting/highlighters/main/test-data/bang-assign-scalar.zsh", "Shell Script", 7, 0, 0, 0, 0, 0, 0, 0, 0, 29, 3, 39
"/home/galeano/dotfiles/oh-my-zsh/.oh-my-zsh/custom/plugins/zsh-syntax-highlighting/highlighters/main/test-data/bang-pipeline.zsh", "Shell Script", 8, 0, 0, 0, 0, 0, 0, 0, 0, 29, 3, 40
"/home/galeano/dotfiles/oh-my-zsh/.oh-my-zsh/custom/plugins/zsh-syntax-highlighting/highlighters/main/test-data/block-assignment-no-command.zsh", "Shell Script", 7, 0, 0, 0, 0, 0, 0, 0, 0, 29, 3, 39
"/home/galeano/dotfiles/oh-my-zsh/.oh-my-zsh/custom/plugins/zsh-syntax-highlighting/highlighters/main/test-data/braces1.zsh", "Shell Script", 9, 0, 0, 0, 0, 0, 0, 0, 0, 30, 3, 42
"/home/galeano/dotfiles/oh-my-zsh/.oh-my-zsh/custom/plugins/zsh-syntax-highlighting/highlighters/main/test-data/braces2.zsh", "Shell Script", 10, 0, 0, 0, 0, 0, 0, 0, 0, 29, 3, 42
"/home/galeano/dotfiles/oh-my-zsh/.oh-my-zsh/custom/plugins/zsh-syntax-highlighting/highlighters/main/test-data/brackets-matching1.zsh", "Shell Script", 7, 0, 0, 0, 0, 0, 0, 0, 0, 29, 3, 39
"/home/galeano/dotfiles/oh-my-zsh/.oh-my-zsh/custom/plugins/zsh-syntax-highlighting/highlighters/main/test-data/brackets-matching2.zsh", "Shell Script", 7, 0, 0, 0, 0, 0, 0, 0, 0, 29, 3, 39
"/home/galeano/dotfiles/oh-my-zsh/.oh-my-zsh/custom/plugins/zsh-syntax-highlighting/highlighters/main/test-data/brackets-mismatch1.zsh", "Shell Script", 8, 0, 0, 0, 0, 0, 0, 0, 0, 29, 3, 40
"/home/galeano/dotfiles/oh-my-zsh/.oh-my-zsh/custom/plugins/zsh-syntax-highlighting/highlighters/main/test-data/brackets-mismatch10-if-negative.zsh", "Shell Script", 11, 0, 0, 0, 0, 0, 0, 0, 0, 29, 3, 43
"/home/galeano/dotfiles/oh-my-zsh/.oh-my-zsh/custom/plugins/zsh-syntax-highlighting/highlighters/main/test-data/brackets-mismatch2.zsh", "Shell Script", 8, 0, 0, 0, 0, 0, 0, 0, 0, 29, 3, 40
"/home/galeano/dotfiles/oh-my-zsh/.oh-my-zsh/custom/plugins/zsh-syntax-highlighting/highlighters/main/test-data/brackets-mismatch3.zsh", "Shell Script", 5, 0, 0, 0, 0, 0, 0, 0, 0, 29, 3, 37
"/home/galeano/dotfiles/oh-my-zsh/.oh-my-zsh/custom/plugins/zsh-syntax-highlighting/highlighters/main/test-data/brackets-mismatch4.zsh", "Shell Script", 5, 0, 0, 0, 0, 0, 0, 0, 0, 29, 3, 37
"/home/galeano/dotfiles/oh-my-zsh/.oh-my-zsh/custom/plugins/zsh-syntax-highlighting/highlighters/main/test-data/brackets-mismatch5.zsh", "Shell Script", 6, 0, 0, 0, 0, 0, 0, 0, 0, 29, 3, 38
"/home/galeano/dotfiles/oh-my-zsh/.oh-my-zsh/custom/plugins/zsh-syntax-highlighting/highlighters/main/test-data/brackets-mismatch6.zsh", "Shell Script", 9, 0, 0, 0, 0, 0, 0, 0, 0, 29, 3, 41
"/home/galeano/dotfiles/oh-my-zsh/.oh-my-zsh/custom/plugins/zsh-syntax-highlighting/highlighters/main/test-data/brackets-mismatch7.zsh", "Shell Script", 14, 0, 0, 0, 0, 0, 0, 0, 0, 29, 3, 46
"/home/galeano/dotfiles/oh-my-zsh/.oh-my-zsh/custom/plugins/zsh-syntax-highlighting/highlighters/main/test-data/brackets-mismatch8-if-positive.zsh", "Shell Script", 22, 0, 0, 0, 0, 0, 0, 0, 0, 29, 3, 54
"/home/galeano/dotfiles/oh-my-zsh/.oh-my-zsh/custom/plugins/zsh-syntax-highlighting/highlighters/main/test-data/brackets-mismatch8.zsh", "Shell Script", 7, 0, 0, 0, 0, 0, 0, 0, 0, 29, 3, 39
"/home/galeano/dotfiles/oh-my-zsh/.oh-my-zsh/custom/plugins/zsh-syntax-highlighting/highlighters/main/test-data/brackets-mismatch9-if-positive.zsh", "Shell Script", 11, 0, 0, 0, 0, 0, 0, 0, 0, 29, 3, 43
"/home/galeano/dotfiles/oh-my-zsh/.oh-my-zsh/custom/plugins/zsh-syntax-highlighting/highlighters/main/test-data/brackets-premature-termination.zsh", "Shell Script", 9, 0, 0, 0, 0, 0, 0, 0, 0, 29, 3, 41
"/home/galeano/dotfiles/oh-my-zsh/.oh-my-zsh/custom/plugins/zsh-syntax-highlighting/highlighters/main/test-data/cdpath-abspath.zsh", "Shell Script", 6, 0, 0, 0, 0, 0, 0, 0, 0, 29, 4, 39
"/home/galeano/dotfiles/oh-my-zsh/.oh-my-zsh/custom/plugins/zsh-syntax-highlighting/highlighters/main/test-data/cmdpos-elision-partial.zsh", "Shell Script", 9, 0, 0, 0, 0, 0, 0, 0, 0, 32, 4, 45
"/home/galeano/dotfiles/oh-my-zsh/.oh-my-zsh/custom/plugins/zsh-syntax-highlighting/highlighters/main/test-data/command-substitution-adjacent.zsh", "Shell Script", 14, 0, 0, 0, 0, 0, 0, 0, 0, 29, 3, 46
"/home/galeano/dotfiles/oh-my-zsh/.oh-my-zsh/custom/plugins/zsh-syntax-highlighting/highlighters/main/test-data/command-substitution-in-assignment.zsh", "Shell Script", 11, 0, 0, 0, 0, 0, 0, 0, 0, 29, 3, 43
"/home/galeano/dotfiles/oh-my-zsh/.oh-my-zsh/custom/plugins/zsh-syntax-highlighting/highlighters/main/test-data/command-substitution-unclosed.zsh", "Shell Script", 13, 0, 0, 0, 0, 0, 0, 0, 0, 29, 4, 46
"/home/galeano/dotfiles/oh-my-zsh/.oh-my-zsh/custom/plugins/zsh-syntax-highlighting/highlighters/main/test-data/commandseparator.zsh", "Shell Script", 8, 0, 0, 0, 0, 0, 0, 0, 0, 28, 3, 39
"/home/galeano/dotfiles/oh-my-zsh/.oh-my-zsh/custom/plugins/zsh-syntax-highlighting/highlighters/main/test-data/comment-followed.zsh", "Shell Script", 7, 0, 0, 0, 0, 0, 0, 0, 0, 30, 3, 40
"/home/galeano/dotfiles/oh-my-zsh/.oh-my-zsh/custom/plugins/zsh-syntax-highlighting/highlighters/main/test-data/comment-leading.zsh", "Shell Script", 5, 0, 0, 0, 0, 0, 0, 0, 0, 28, 4, 37
"/home/galeano/dotfiles/oh-my-zsh/.oh-my-zsh/custom/plugins/zsh-syntax-highlighting/highlighters/main/test-data/comment-off.zsh", "Shell Script", 7, 0, 0, 0, 0, 0, 0, 0, 0, 28, 4, 39
"/home/galeano/dotfiles/oh-my-zsh/.oh-my-zsh/custom/plugins/zsh-syntax-highlighting/highlighters/main/test-data/comments.zsh", "Shell Script", 8, 0, 0, 0, 0, 0, 0, 0, 0, 28, 4, 40
"/home/galeano/dotfiles/oh-my-zsh/.oh-my-zsh/custom/plugins/zsh-syntax-highlighting/highlighters/main/test-data/commmand-parameter.zsh", "Shell Script", 14, 0, 0, 0, 0, 0, 0, 0, 0, 28, 4, 46
"/home/galeano/dotfiles/oh-my-zsh/.oh-my-zsh/custom/plugins/zsh-syntax-highlighting/highlighters/main/test-data/control-flow.zsh", "Shell Script", 27, 0, 0, 0, 0, 0, 0, 0, 0, 28, 3, 58
"/home/galeano/dotfiles/oh-my-zsh/.oh-my-zsh/custom/plugins/zsh-syntax-highlighting/highlighters/main/test-data/control-flow2.zsh", "Shell Script", 10, 0, 0, 0, 0, 0, 0, 0, 0, 28, 3, 41
"/home/galeano/dotfiles/oh-my-zsh/.oh-my-zsh/custom/plugins/zsh-syntax-highlighting/highlighters/main/test-data/control-flow3.zsh", "Shell Script", 9, 0, 0, 0, 0, 0, 0, 0, 0, 28, 3, 40
"/home/galeano/dotfiles/oh-my-zsh/.oh-my-zsh/custom/plugins/zsh-syntax-highlighting/highlighters/main/test-data/cthulhu.zsh", "Shell Script", 37, 0, 0, 0, 0, 0, 0, 0, 0, 31, 3, 71
"/home/galeano/dotfiles/oh-my-zsh/.oh-my-zsh/custom/plugins/zsh-syntax-highlighting/highlighters/main/test-data/dinbrack1.zsh", "Shell Script", 10, 0, 0, 0, 0, 0, 0, 0, 0, 29, 3, 42
"/home/galeano/dotfiles/oh-my-zsh/.oh-my-zsh/custom/plugins/zsh-syntax-highlighting/highlighters/main/test-data/dirs_blacklist.zsh", "Shell Script", 10, 0, 0, 0, 0, 0, 0, 0, 0, 28, 3, 41
"/home/galeano/dotfiles/oh-my-zsh/.oh-my-zsh/custom/plugins/zsh-syntax-highlighting/highlighters/main/test-data/dollar-dollar.zsh", "Shell Script", 8, 0, 0, 0, 0, 0, 0, 0, 0, 29, 3, 40
"/home/galeano/dotfiles/oh-my-zsh/.oh-my-zsh/custom/plugins/zsh-syntax-highlighting/highlighters/main/test-data/dollar-noise.zsh", "Shell Script", 11, 0, 0, 0, 0, 0, 0, 0, 0, 29, 3, 43
"/home/galeano/dotfiles/oh-my-zsh/.oh-my-zsh/custom/plugins/zsh-syntax-highlighting/highlighters/main/test-data/dollar-paren.zsh", "Shell Script", 18, 0, 0, 0, 0, 0, 0, 0, 0, 29, 3, 50
"/home/galeano/dotfiles/oh-my-zsh/.oh-my-zsh/custom/plugins/zsh-syntax-highlighting/highlighters/main/test-data/dollar-quoted.zsh", "Shell Script", 8, 0, 0, 0, 0, 0, 0, 0, 0, 28, 3, 39
"/home/galeano/dotfiles/oh-my-zsh/.oh-my-zsh/custom/plugins/zsh-syntax-highlighting/highlighters/main/test-data/dollar-quoted2.zsh", "Shell Script", 9, 0, 0, 0, 0, 0, 0, 0, 0, 28, 3, 40
"/home/galeano/dotfiles/oh-my-zsh/.oh-my-zsh/custom/plugins/zsh-syntax-highlighting/highlighters/main/test-data/dollar-quoted3.zsh", "Shell Script", 7, 0, 0, 0, 0, 0, 0, 0, 0, 30, 3, 40
"/home/galeano/dotfiles/oh-my-zsh/.oh-my-zsh/custom/plugins/zsh-syntax-highlighting/highlighters/main/test-data/double-hyphen-option.zsh", "Shell Script", 5, 0, 0, 0, 0, 0, 0, 0, 0, 28, 3, 36
"/home/galeano/dotfiles/oh-my-zsh/.oh-my-zsh/custom/plugins/zsh-syntax-highlighting/highlighters/main/test-data/double-quoted.zsh", "Shell Script", 12, 0, 0, 0, 0, 0, 0, 0, 0, 28, 3, 43
"/home/galeano/dotfiles/oh-my-zsh/.oh-my-zsh/custom/plugins/zsh-syntax-highlighting/highlighters/main/test-data/double-quoted2.zsh", "Shell Script", 7, 0, 0, 0, 0, 0, 0, 0, 0, 30, 3, 40
"/home/galeano/dotfiles/oh-my-zsh/.oh-my-zsh/custom/plugins/zsh-syntax-highlighting/highlighters/main/test-data/double-quoted3.zsh", "Shell Script", 12, 0, 0, 0, 0, 0, 0, 0, 0, 28, 3, 43
"/home/galeano/dotfiles/oh-my-zsh/.oh-my-zsh/custom/plugins/zsh-syntax-highlighting/highlighters/main/test-data/double-quoted4.zsh", "Shell Script", 7, 0, 0, 0, 0, 0, 0, 0, 0, 28, 3, 38
"/home/galeano/dotfiles/oh-my-zsh/.oh-my-zsh/custom/plugins/zsh-syntax-highlighting/highlighters/main/test-data/empty-command-newline.zsh", "Shell Script", 7, 0, 0, 0, 0, 0, 0, 0, 0, 30, 3, 40
"/home/galeano/dotfiles/oh-my-zsh/.oh-my-zsh/custom/plugins/zsh-syntax-highlighting/highlighters/main/test-data/empty-command.zsh", "Shell Script", 6, 0, 0, 0, 0, 0, 0, 0, 0, 28, 3, 37
"/home/galeano/dotfiles/oh-my-zsh/.oh-my-zsh/custom/plugins/zsh-syntax-highlighting/highlighters/main/test-data/empty-command2.zsh", "Shell Script", 7, 0, 0, 0, 0, 0, 0, 0, 0, 29, 4, 40
"/home/galeano/dotfiles/oh-my-zsh/.oh-my-zsh/custom/plugins/zsh-syntax-highlighting/highlighters/main/test-data/empty-line.zsh", "Shell Script", 5, 0, 0, 0, 0, 0, 0, 0, 0, 29, 3, 37
"/home/galeano/dotfiles/oh-my-zsh/.oh-my-zsh/custom/plugins/zsh-syntax-highlighting/highlighters/main/test-data/equals1.zsh", "Shell Script", 5, 0, 0, 0, 0, 0, 0, 0, 0, 29, 3, 37
"/home/galeano/dotfiles/oh-my-zsh/.oh-my-zsh/custom/plugins/zsh-syntax-highlighting/highlighters/main/test-data/equals2.zsh", "Shell Script", 6, 0, 0, 0, 0, 0, 0, 0, 0, 29, 4, 39
"/home/galeano/dotfiles/oh-my-zsh/.oh-my-zsh/custom/plugins/zsh-syntax-highlighting/highlighters/main/test-data/equals3.zsh", "Shell Script", 5, 0, 0, 0, 0, 0, 0, 0, 0, 29, 3, 37
"/home/galeano/dotfiles/oh-my-zsh/.oh-my-zsh/custom/plugins/zsh-syntax-highlighting/highlighters/main/test-data/equals4.zsh", "Shell Script", 5, 0, 0, 0, 0, 0, 0, 0, 0, 29, 3, 37
"/home/galeano/dotfiles/oh-my-zsh/.oh-my-zsh/custom/plugins/zsh-syntax-highlighting/highlighters/main/test-data/escaped-single-quote.zsh", "Shell Script", 7, 0, 0, 0, 0, 0, 0, 0, 0, 29, 3, 39
"/home/galeano/dotfiles/oh-my-zsh/.oh-my-zsh/custom/plugins/zsh-syntax-highlighting/highlighters/main/test-data/exec-redirection1.zsh", "Shell Script", 8, 0, 0, 0, 0, 0, 0, 0, 0, 28, 3, 39
"/home/galeano/dotfiles/oh-my-zsh/.oh-my-zsh/custom/plugins/zsh-syntax-highlighting/highlighters/main/test-data/fd-target-not-filename.zsh", "Shell Script", 8, 0, 0, 0, 0, 0, 0, 0, 0, 29, 4, 41
"/home/galeano/dotfiles/oh-my-zsh/.oh-my-zsh/custom/plugins/zsh-syntax-highlighting/highlighters/main/test-data/function-altsyntax.zsh", "Shell Script", 13, 0, 0, 0, 0, 0, 0, 0, 0, 30, 3, 46
"/home/galeano/dotfiles/oh-my-zsh/.oh-my-zsh/custom/plugins/zsh-syntax-highlighting/highlighters/main/test-data/function-named1.zsh", "Shell Script", 13, 0, 0, 0, 0, 0, 0, 0, 0, 29, 3, 45
"/home/galeano/dotfiles/oh-my-zsh/.oh-my-zsh/custom/plugins/zsh-syntax-highlighting/highlighters/main/test-data/function-named2.zsh", "Shell Script", 8, 0, 0, 0, 0, 0, 0, 0, 0, 29, 3, 40
"/home/galeano/dotfiles/oh-my-zsh/.oh-my-zsh/custom/plugins/zsh-syntax-highlighting/highlighters/main/test-data/function.zsh", "Shell Script", 12, 0, 0, 0, 0, 0, 0, 0, 0, 28, 3, 43
"/home/galeano/dotfiles/oh-my-zsh/.oh-my-zsh/custom/plugins/zsh-syntax-highlighting/highlighters/main/test-data/glob.zsh", "Shell Script", 11, 0, 0, 0, 0, 0, 0, 0, 0, 28, 3, 42
"/home/galeano/dotfiles/oh-my-zsh/.oh-my-zsh/custom/plugins/zsh-syntax-highlighting/highlighters/main/test-data/global-alias1.zsh", "Shell Script", 6, 0, 0, 0, 0, 0, 0, 0, 0, 29, 4, 39
"/home/galeano/dotfiles/oh-my-zsh/.oh-my-zsh/custom/plugins/zsh-syntax-highlighting/highlighters/main/test-data/globs-with-quoting.zsh", "Shell Script", 12, 0, 0, 0, 0, 0, 0, 0, 0, 29, 3, 44
"/home/galeano/dotfiles/oh-my-zsh/.oh-my-zsh/custom/plugins/zsh-syntax-highlighting/highlighters/main/test-data/hashed-command.zsh", "Shell Script", 5, 0, 0, 0, 0, 0, 0, 0, 0, 28, 3, 36
"/home/galeano/dotfiles/oh-my-zsh/.oh-my-zsh/custom/plugins/zsh-syntax-highlighting/highlighters/main/test-data/history-double-quoted-escaped.zsh", "Shell Script", 7, 0, 0, 0, 0, 0, 0, 0, 0, 29, 3, 39
"/home/galeano/dotfiles/oh-my-zsh/.oh-my-zsh/custom/plugins/zsh-syntax-highlighting/highlighters/main/test-data/history-double-quoted-followed.zsh", "Shell Script", 8, 0, 0, 0, 0, 0, 0, 0, 0, 29, 3, 40
"/home/galeano/dotfiles/oh-my-zsh/.oh-my-zsh/custom/plugins/zsh-syntax-highlighting/highlighters/main/test-data/history-double-quoted-no.zsh", "Shell Script", 6, 0, 0, 0, 0, 0, 0, 0, 0, 29, 3, 38
"/home/galeano/dotfiles/oh-my-zsh/.oh-my-zsh/custom/plugins/zsh-syntax-highlighting/highlighters/main/test-data/history-double-quoted-unescaped.zsh", "Shell Script", 7, 0, 0, 0, 0, 0, 0, 0, 0, 29, 3, 39
"/home/galeano/dotfiles/oh-my-zsh/.oh-my-zsh/custom/plugins/zsh-syntax-highlighting/highlighters/main/test-data/history-double-quoted-yes.zsh", "Shell Script", 7, 0, 0, 0, 0, 0, 0, 0, 0, 29, 3, 39
"/home/galeano/dotfiles/oh-my-zsh/.oh-my-zsh/custom/plugins/zsh-syntax-highlighting/highlighters/main/test-data/history-expansion.zsh", "Shell Script", 9, 0, 0, 0, 0, 0, 0, 0, 0, 28, 3, 40
"/home/galeano/dotfiles/oh-my-zsh/.oh-my-zsh/custom/plugins/zsh-syntax-highlighting/highlighters/main/test-data/history-expansion2.zsh", "Shell Script", 4, 0, 0, 0, 0, 0, 0, 0, 0, 28, 3, 35
"/home/galeano/dotfiles/oh-my-zsh/.oh-my-zsh/custom/plugins/zsh-syntax-highlighting/highlighters/main/test-data/inheritance.zsh", "Shell Script", 8, 0, 0, 0, 0, 0, 0, 0, 0, 29, 4, 41
"/home/galeano/dotfiles/oh-my-zsh/.oh-my-zsh/custom/plugins/zsh-syntax-highlighting/highlighters/main/test-data/jobsubst-isnt-glob.zsh", "Shell Script", 6, 0, 0, 0, 0, 0, 0, 0, 0, 29, 3, 38
"/home/galeano/dotfiles/oh-my-zsh/.oh-my-zsh/custom/plugins/zsh-syntax-highlighting/highlighters/main/test-data/jobsubst-isnt-glob2.zsh", "Shell Script", 6, 0, 0, 0, 0, 0, 0, 0, 0, 29, 3, 38
"/home/galeano/dotfiles/oh-my-zsh/.oh-my-zsh/custom/plugins/zsh-syntax-highlighting/highlighters/main/test-data/loop-newline.zsh", "Shell Script", 9, 0, 0, 0, 0, 0, 0, 0, 0, 29, 3, 41
"/home/galeano/dotfiles/oh-my-zsh/.oh-my-zsh/custom/plugins/zsh-syntax-highlighting/highlighters/main/test-data/meta-no-eval1.zsh", "Shell Script", 18, 0, 0, 0, 0, 0, 0, 0, 0, 29, 3, 50
"/home/galeano/dotfiles/oh-my-zsh/.oh-my-zsh/custom/plugins/zsh-syntax-highlighting/highlighters/main/test-data/meta-no-eval2.zsh", "Shell Script", 7, 0, 0, 0, 0, 0, 0, 0, 0, 31, 3, 41
"/home/galeano/dotfiles/oh-my-zsh/.oh-my-zsh/custom/plugins/zsh-syntax-highlighting/highlighters/main/test-data/multiline-array-assignment1.zsh", "Shell Script", 10, 0, 0, 0, 0, 0, 0, 0, 0, 29, 3, 42
"/home/galeano/dotfiles/oh-my-zsh/.oh-my-zsh/custom/plugins/zsh-syntax-highlighting/highlighters/main/test-data/multiline-string.zsh", "Shell Script", 7, 0, 0, 0, 0, 0, 0, 0, 0, 28, 3, 38
"/home/galeano/dotfiles/oh-my-zsh/.oh-my-zsh/custom/plugins/zsh-syntax-highlighting/highlighters/main/test-data/multiline-string2.zsh", "Shell Script", 6, 0, 0, 0, 0, 0, 0, 0, 0, 28, 3, 37
"/home/galeano/dotfiles/oh-my-zsh/.oh-my-zsh/custom/plugins/zsh-syntax-highlighting/highlighters/main/test-data/multios-negates-globbing.zsh", "Shell Script", 7, 0, 0, 0, 0, 0, 0, 0, 0, 29, 4, 40
"/home/galeano/dotfiles/oh-my-zsh/.oh-my-zsh/custom/plugins/zsh-syntax-highlighting/highlighters/main/test-data/multios-negates-globbing2.zsh", "Shell Script", 7, 0, 0, 0, 0, 0, 0, 0, 0, 29, 3, 39
"/home/galeano/dotfiles/oh-my-zsh/.oh-my-zsh/custom/plugins/zsh-syntax-highlighting/highlighters/main/test-data/multiple-quotes.zsh", "Shell Script", 12, 0, 0, 0, 0, 0, 0, 0, 0, 28, 3, 43
"/home/galeano/dotfiles/oh-my-zsh/.oh-my-zsh/custom/plugins/zsh-syntax-highlighting/highlighters/main/test-data/multiple-redirections.zsh", "Shell Script", 16, 0, 0, 0, 0, 0, 0, 0, 0, 28, 3, 47
"/home/galeano/dotfiles/oh-my-zsh/.oh-my-zsh/custom/plugins/zsh-syntax-highlighting/highlighters/main/test-data/noglob-alias.zsh", "Shell Script", 6, 0, 0, 0, 0, 0, 0, 0, 0, 28, 3, 37
"/home/galeano/dotfiles/oh-my-zsh/.oh-my-zsh/custom/plugins/zsh-syntax-highlighting/highlighters/main/test-data/noglob-always.zsh", "Shell Script", 14, 0, 0, 0, 0, 0, 0, 0, 0, 29, 3, 46
"/home/galeano/dotfiles/oh-my-zsh/.oh-my-zsh/custom/plugins/zsh-syntax-highlighting/highlighters/main/test-data/noglob1.zsh", "Shell Script", 8, 0, 0, 0, 0, 0, 0, 0, 0, 28, 3, 39
"/home/galeano/dotfiles/oh-my-zsh/.oh-my-zsh/custom/plugins/zsh-syntax-highlighting/highlighters/main/test-data/noglob2.zsh", "Shell Script", 10, 0, 0, 0, 0, 0, 0, 0, 0, 28, 3, 41
"/home/galeano/dotfiles/oh-my-zsh/.oh-my-zsh/custom/plugins/zsh-syntax-highlighting/highlighters/main/test-data/noglob3.zsh", "Shell Script", 7, 0, 0, 0, 0, 0, 0, 0, 0, 28, 4, 39
"/home/galeano/dotfiles/oh-my-zsh/.oh-my-zsh/custom/plugins/zsh-syntax-highlighting/highlighters/main/test-data/noglob4.zsh", "Shell Script", 14, 0, 0, 0, 0, 0, 0, 0, 0, 29, 3, 46
"/home/galeano/dotfiles/oh-my-zsh/.oh-my-zsh/custom/plugins/zsh-syntax-highlighting/highlighters/main/test-data/null-exec.zsh", "Shell Script", 7, 0, 0, 0, 0, 0, 0, 0, 0, 29, 3, 39
"/home/galeano/dotfiles/oh-my-zsh/.oh-my-zsh/custom/plugins/zsh-syntax-highlighting/highlighters/main/test-data/null-exec2-printenv.zsh", "Shell Script", 7, 0, 0, 0, 0, 0, 0, 0, 0, 29, 3, 39
"/home/galeano/dotfiles/oh-my-zsh/.oh-my-zsh/custom/plugins/zsh-syntax-highlighting/highlighters/main/test-data/number_range-glob.zsh", "Shell Script", 11, 0, 0, 0, 0, 0, 0, 0, 0, 29, 3, 43
"/home/galeano/dotfiles/oh-my-zsh/.oh-my-zsh/custom/plugins/zsh-syntax-highlighting/highlighters/main/test-data/off-by-one.zsh", "Shell Script", 9, 0, 0, 0, 0, 0, 0, 0, 0, 28, 4, 41
"/home/galeano/dotfiles/oh-my-zsh/.oh-my-zsh/custom/plugins/zsh-syntax-highlighting/highlighters/main/test-data/opt-shwordsplit1.zsh", "Shell Script", 7, 0, 0, 0, 0, 0, 0, 0, 0, 29, 5, 41
"/home/galeano/dotfiles/oh-my-zsh/.oh-my-zsh/custom/plugins/zsh-syntax-highlighting/highlighters/main/test-data/optimized-cmdsubst-input.zsh", "Shell Script", 10, 0, 0, 0, 0, 0, 0, 0, 0, 30, 4, 44
"/home/galeano/dotfiles/oh-my-zsh/.oh-my-zsh/custom/plugins/zsh-syntax-highlighting/highlighters/main/test-data/option-dollar-quote-isnt-filename.zsh", "Shell Script", 7, 0, 0, 0, 0, 0, 0, 0, 0, 29, 4, 40
"/home/galeano/dotfiles/oh-my-zsh/.oh-my-zsh/custom/plugins/zsh-syntax-highlighting/highlighters/main/test-data/option-path_dirs.zsh", "Shell Script", 13, 0, 0, 0, 0, 0, 0, 0, 0, 28, 4, 45
"/home/galeano/dotfiles/oh-my-zsh/.oh-my-zsh/custom/plugins/zsh-syntax-highlighting/highlighters/main/test-data/option-with-quotes.zsh", "Shell Script", 6, 0, 0, 0, 0, 0, 0, 0, 0, 29, 3, 38
"/home/galeano/dotfiles/oh-my-zsh/.oh-my-zsh/custom/plugins/zsh-syntax-highlighting/highlighters/main/test-data/order-path-after-dollar.zsh", "Shell Script", 7, 0, 0, 0, 0, 0, 0, 0, 0, 29, 3, 39
"/home/galeano/dotfiles/oh-my-zsh/.oh-my-zsh/custom/plugins/zsh-syntax-highlighting/highlighters/main/test-data/order-path-before-globbing.zsh", "Shell Script", 8, 0, 0, 0, 0, 0, 0, 0, 0, 29, 3, 40
"/home/galeano/dotfiles/oh-my-zsh/.oh-my-zsh/custom/plugins/zsh-syntax-highlighting/highlighters/main/test-data/param-positional-in-array-append.zsh", "Shell Script", 6, 0, 0, 0, 0, 0, 0, 0, 0, 30, 4, 40
"/home/galeano/dotfiles/oh-my-zsh/.oh-my-zsh/custom/plugins/zsh-syntax-highlighting/highlighters/main/test-data/param-precommand-option-argument1.zsh", "Shell Script", 9, 0, 0, 0, 0, 0, 0, 0, 0, 30, 4, 43
"/home/galeano/dotfiles/oh-my-zsh/.oh-my-zsh/custom/plugins/zsh-syntax-highlighting/highlighters/main/test-data/param-precommand-option-argument3.zsh", "Shell Script", 9, 0, 0, 0, 0, 0, 0, 0, 0, 30, 4, 43
"/home/galeano/dotfiles/oh-my-zsh/.oh-my-zsh/custom/plugins/zsh-syntax-highlighting/highlighters/main/test-data/parameter-elision-command-word.zsh", "Shell Script", 5, 0, 0, 0, 0, 0, 0, 0, 0, 29, 3, 37
"/home/galeano/dotfiles/oh-my-zsh/.oh-my-zsh/custom/plugins/zsh-syntax-highlighting/highlighters/main/test-data/parameter-expansion-shwordsplit.zsh", "Shell Script", 6, 0, 0, 0, 0, 0, 0, 0, 0, 29, 4, 39
"/home/galeano/dotfiles/oh-my-zsh/.oh-my-zsh/custom/plugins/zsh-syntax-highlighting/highlighters/main/test-data/parameter-expansion-untokenized1.zsh", "Shell Script", 6, 0, 0, 0, 0, 0, 0, 0, 0, 29, 4, 39
"/home/galeano/dotfiles/oh-my-zsh/.oh-my-zsh/custom/plugins/zsh-syntax-highlighting/highlighters/main/test-data/parameter-expansion-untokenized2.zsh", "Shell Script", 6, 0, 0, 0, 0, 0, 0, 0, 0, 29, 4, 39
"/home/galeano/dotfiles/oh-my-zsh/.oh-my-zsh/custom/plugins/zsh-syntax-highlighting/highlighters/main/test-data/parameter-star.zsh", "Shell Script", 8, 0, 0, 0, 0, 0, 0, 0, 0, 30, 3, 41
"/home/galeano/dotfiles/oh-my-zsh/.oh-my-zsh/custom/plugins/zsh-syntax-highlighting/highlighters/main/test-data/parameter-to-global-alias.zsh", "Shell Script", 10, 0, 0, 0, 0, 0, 0, 0, 0, 29, 4, 43
"/home/galeano/dotfiles/oh-my-zsh/.oh-my-zsh/custom/plugins/zsh-syntax-highlighting/highlighters/main/test-data/parameter-value-contains-command-position1.zsh", "Shell Script", 5, 0, 0, 0, 0, 0, 0, 0, 0, 30, 4, 39
"/home/galeano/dotfiles/oh-my-zsh/.oh-my-zsh/custom/plugins/zsh-syntax-highlighting/highlighters/main/test-data/parameter-value-contains-command-position2.zsh", "Shell Script", 5, 0, 0, 0, 0, 0, 0, 0, 0, 30, 4, 39
"/home/galeano/dotfiles/oh-my-zsh/.oh-my-zsh/custom/plugins/zsh-syntax-highlighting/highlighters/main/test-data/pasted-quotes.zsh", "Shell Script", 7, 0, 0, 0, 0, 0, 0, 0, 0, 29, 3, 39
"/home/galeano/dotfiles/oh-my-zsh/.oh-my-zsh/custom/plugins/zsh-syntax-highlighting/highlighters/main/test-data/path-broken-symlink.zsh", "Shell Script", 11, 0, 0, 0, 0, 0, 0, 0, 0, 28, 3, 42
"/home/galeano/dotfiles/oh-my-zsh/.oh-my-zsh/custom/plugins/zsh-syntax-highlighting/highlighters/main/test-data/path-dollared-word.zsh", "Shell Script", 14, 0, 0, 0, 0, 0, 0, 0, 0, 28, 4, 46
"/home/galeano/dotfiles/oh-my-zsh/.oh-my-zsh/custom/plugins/zsh-syntax-highlighting/highlighters/main/test-data/path-dollared-word2.zsh", "Shell Script", 7, 0, 0, 0, 0, 0, 0, 0, 0, 28, 3, 38
"/home/galeano/dotfiles/oh-my-zsh/.oh-my-zsh/custom/plugins/zsh-syntax-highlighting/highlighters/main/test-data/path-dollared-word3.zsh", "Shell Script", 6, 0, 0, 0, 0, 0, 0, 0, 0, 32, 3, 41
"/home/galeano/dotfiles/oh-my-zsh/.oh-my-zsh/custom/plugins/zsh-syntax-highlighting/highlighters/main/test-data/path-dollared-word3b.zsh", "Shell Script", 7, 0, 0, 0, 0, 0, 0, 0, 0, 29, 3, 39
"/home/galeano/dotfiles/oh-my-zsh/.oh-my-zsh/custom/plugins/zsh-syntax-highlighting/highlighters/main/test-data/path-dollared-word4.zsh", "Shell Script", 4, 0, 0, 0, 0, 0, 0, 0, 0, 30, 3, 37
"/home/galeano/dotfiles/oh-my-zsh/.oh-my-zsh/custom/plugins/zsh-syntax-highlighting/highlighters/main/test-data/path-mixed-quoting.zsh", "Shell Script", 7, 0, 0, 0, 0, 0, 0, 0, 0, 29, 4, 40
"/home/galeano/dotfiles/oh-my-zsh/.oh-my-zsh/custom/plugins/zsh-syntax-highlighting/highlighters/main/test-data/path-separators.zsh", "Shell Script", 17, 0, 0, 0, 0, 0, 0, 0, 0, 30, 7, 54
"/home/galeano/dotfiles/oh-my-zsh/.oh-my-zsh/custom/plugins/zsh-syntax-highlighting/highlighters/main/test-data/path-separators2.zsh", "Shell Script", 7, 0, 0, 0, 0, 0, 0, 0, 0, 30, 4, 41
"/home/galeano/dotfiles/oh-my-zsh/.oh-my-zsh/custom/plugins/zsh-syntax-highlighting/highlighters/main/test-data/path-space.zsh", "Shell Script", 7, 0, 0, 0, 0, 0, 0, 0, 0, 28, 3, 38
"/home/galeano/dotfiles/oh-my-zsh/.oh-my-zsh/custom/plugins/zsh-syntax-highlighting/highlighters/main/test-data/path-tilde-home.zsh", "Shell Script", 6, 0, 0, 0, 0, 0, 0, 0, 0, 28, 3, 37
"/home/galeano/dotfiles/oh-my-zsh/.oh-my-zsh/custom/plugins/zsh-syntax-highlighting/highlighters/main/test-data/path-tilde-home2.zsh", "Shell Script", 6, 0, 0, 0, 0, 0, 0, 0, 0, 28, 4, 38
"/home/galeano/dotfiles/oh-my-zsh/.oh-my-zsh/custom/plugins/zsh-syntax-highlighting/highlighters/main/test-data/path-tilde-home3.zsh", "Shell Script", 6, 0, 0, 0, 0, 0, 0, 0, 0, 28, 3, 37
"/home/galeano/dotfiles/oh-my-zsh/.oh-my-zsh/custom/plugins/zsh-syntax-highlighting/highlighters/main/test-data/path-tilde-named.zsh", "Shell Script", 8, 0, 0, 0, 0, 0, 0, 0, 0, 28, 4, 40
"/home/galeano/dotfiles/oh-my-zsh/.oh-my-zsh/custom/plugins/zsh-syntax-highlighting/highlighters/main/test-data/path.zsh", "Shell Script", 7, 0, 0, 0, 0, 0, 0, 0, 0, 28, 3, 38
"/home/galeano/dotfiles/oh-my-zsh/.oh-my-zsh/custom/plugins/zsh-syntax-highlighting/highlighters/main/test-data/path_prefix.zsh", "Shell Script", 5, 0, 0, 0, 0, 0, 0, 0, 0, 30, 4, 39
"/home/galeano/dotfiles/oh-my-zsh/.oh-my-zsh/custom/plugins/zsh-syntax-highlighting/highlighters/main/test-data/path_prefix2.zsh", "Shell Script", 6, 0, 0, 0, 0, 0, 0, 0, 0, 30, 4, 40
"/home/galeano/dotfiles/oh-my-zsh/.oh-my-zsh/custom/plugins/zsh-syntax-highlighting/highlighters/main/test-data/path_prefix3.zsh", "Shell Script", 5, 0, 0, 0, 0, 0, 0, 0, 0, 30, 4, 39
"/home/galeano/dotfiles/oh-my-zsh/.oh-my-zsh/custom/plugins/zsh-syntax-highlighting/highlighters/main/test-data/plain-file-in-command-position.zsh", "Shell Script", 8, 0, 0, 0, 0, 0, 0, 0, 0, 29, 3, 40
"/home/galeano/dotfiles/oh-my-zsh/.oh-my-zsh/custom/plugins/zsh-syntax-highlighting/highlighters/main/test-data/precommand-killing1.zsh", "Shell Script", 8, 0, 0, 0, 0, 0, 0, 0, 0, 29, 4, 41
"/home/galeano/dotfiles/oh-my-zsh/.oh-my-zsh/custom/plugins/zsh-syntax-highlighting/highlighters/main/test-data/precommand-killing2.zsh", "Shell Script", 7, 0, 0, 0, 0, 0, 0, 0, 0, 29, 4, 40
"/home/galeano/dotfiles/oh-my-zsh/.oh-my-zsh/custom/plugins/zsh-syntax-highlighting/highlighters/main/test-data/precommand-then-assignment.zsh", "Shell Script", 6, 0, 0, 0, 0, 0, 0, 0, 0, 29, 3, 38
"/home/galeano/dotfiles/oh-my-zsh/.oh-my-zsh/custom/plugins/zsh-syntax-highlighting/highlighters/main/test-data/precommand-type1.zsh", "Shell Script", 15, 0, 0, 0, 0, 0, 0, 0, 0, 40, 7, 62
"/home/galeano/dotfiles/oh-my-zsh/.oh-my-zsh/custom/plugins/zsh-syntax-highlighting/highlighters/main/test-data/precommand-type2.zsh", "Shell Script", 17, 0, 0, 0, 0, 0, 0, 0, 0, 32, 7, 56
"/home/galeano/dotfiles/oh-my-zsh/.oh-my-zsh/custom/plugins/zsh-syntax-highlighting/highlighters/main/test-data/precommand-type3.zsh", "Shell Script", 17, 0, 0, 0, 0, 0, 0, 0, 0, 32, 7, 56
"/home/galeano/dotfiles/oh-my-zsh/.oh-my-zsh/custom/plugins/zsh-syntax-highlighting/highlighters/main/test-data/precommand-uninstalled.zsh", "Shell Script", 7, 0, 0, 0, 0, 0, 0, 0, 0, 33, 5, 45
"/home/galeano/dotfiles/oh-my-zsh/.oh-my-zsh/custom/plugins/zsh-syntax-highlighting/highlighters/main/test-data/precommand-unknown-option.zsh", "Shell Script", 11, 0, 0, 0, 0, 0, 0, 0, 0, 29, 4, 44
"/home/galeano/dotfiles/oh-my-zsh/.oh-my-zsh/custom/plugins/zsh-syntax-highlighting/highlighters/main/test-data/precommand.zsh", "Shell Script", 6, 0, 0, 0, 0, 0, 0, 0, 0, 28, 3, 37
"/home/galeano/dotfiles/oh-my-zsh/.oh-my-zsh/custom/plugins/zsh-syntax-highlighting/highlighters/main/test-data/precommand2.zsh", "Shell Script", 6, 0, 0, 0, 0, 0, 0, 0, 0, 28, 3, 37
"/home/galeano/dotfiles/oh-my-zsh/.oh-my-zsh/custom/plugins/zsh-syntax-highlighting/highlighters/main/test-data/precommand3.zsh", "Shell Script", 11, 0, 0, 0, 0, 0, 0, 0, 0, 28, 3, 42
"/home/galeano/dotfiles/oh-my-zsh/.oh-my-zsh/custom/plugins/zsh-syntax-highlighting/highlighters/main/test-data/precommand4.zsh", "Shell Script", 8, 0, 0, 0, 0, 0, 0, 0, 0, 29, 3, 40
"/home/galeano/dotfiles/oh-my-zsh/.oh-my-zsh/custom/plugins/zsh-syntax-highlighting/highlighters/main/test-data/prefix-redirection.zsh", "Shell Script", 12, 0, 0, 0, 0, 0, 0, 0, 0, 28, 3, 43
"/home/galeano/dotfiles/oh-my-zsh/.oh-my-zsh/custom/plugins/zsh-syntax-highlighting/highlighters/main/test-data/process-substitution-after-redirection.zsh", "Shell Script", 15, 0, 0, 0, 0, 0, 0, 0, 0, 29, 3, 47
"/home/galeano/dotfiles/oh-my-zsh/.oh-my-zsh/custom/plugins/zsh-syntax-highlighting/highlighters/main/test-data/process-substitution-redirection-isnt-globbing.zsh", "Shell Script", 10, 0, 0, 0, 0, 0, 0, 0, 0, 29, 3, 42
"/home/galeano/dotfiles/oh-my-zsh/.oh-my-zsh/custom/plugins/zsh-syntax-highlighting/highlighters/main/test-data/process-substitution.zsh", "Shell Script", 12, 0, 0, 0, 0, 0, 0, 0, 0, 29, 3, 44
"/home/galeano/dotfiles/oh-my-zsh/.oh-my-zsh/custom/plugins/zsh-syntax-highlighting/highlighters/main/test-data/process-substitution2.zsh", "Shell Script", 19, 0, 0, 0, 0, 0, 0, 0, 0, 29, 4, 52
"/home/galeano/dotfiles/oh-my-zsh/.oh-my-zsh/custom/plugins/zsh-syntax-highlighting/highlighters/main/test-data/quoted-command-substitution-empty.zsh", "Shell Script", 12, 0, 0, 0, 0, 0, 0, 0, 0, 29, 4, 45
"/home/galeano/dotfiles/oh-my-zsh/.oh-my-zsh/custom/plugins/zsh-syntax-highlighting/highlighters/main/test-data/quoted-redirection-in-command-word.zsh", "Shell Script", 6, 0, 0, 0, 0, 0, 0, 0, 0, 29, 3, 38
"/home/galeano/dotfiles/oh-my-zsh/.oh-my-zsh/custom/plugins/zsh-syntax-highlighting/highlighters/main/test-data/rc-quotes.zsh", "Shell Script", 8, 0, 0, 0, 0, 0, 0, 0, 0, 28, 4, 40
"/home/galeano/dotfiles/oh-my-zsh/.oh-my-zsh/custom/plugins/zsh-syntax-highlighting/highlighters/main/test-data/redirection-all.zsh", "Shell Script", 64, 0, 0, 0, 0, 0, 0, 0, 0, 29, 3, 96
"/home/galeano/dotfiles/oh-my-zsh/.oh-my-zsh/custom/plugins/zsh-syntax-highlighting/highlighters/main/test-data/redirection-comment.zsh", "Shell Script", 7, 0, 0, 0, 0, 0, 0, 0, 0, 28, 4, 39
"/home/galeano/dotfiles/oh-my-zsh/.oh-my-zsh/custom/plugins/zsh-syntax-highlighting/highlighters/main/test-data/redirection-from-param.zsh", "Shell Script", 8, 0, 0, 0, 0, 0, 0, 0, 0, 29, 4, 41
"/home/galeano/dotfiles/oh-my-zsh/.oh-my-zsh/custom/plugins/zsh-syntax-highlighting/highlighters/main/test-data/redirection-in-cmdsubst.zsh", "Shell Script", 10, 0, 0, 0, 0, 0, 0, 0, 0, 29, 3, 42
"/home/galeano/dotfiles/oh-my-zsh/.oh-my-zsh/custom/plugins/zsh-syntax-highlighting/highlighters/main/test-data/redirection-inhibits-elision.zsh", "Shell Script", 7, 0, 0, 0, 0, 0, 0, 0, 0, 29, 3, 39
"/home/galeano/dotfiles/oh-my-zsh/.oh-my-zsh/custom/plugins/zsh-syntax-highlighting/highlighters/main/test-data/redirection-is-not-option.zsh", "Shell Script", 8, 0, 0, 0, 0, 0, 0, 0, 0, 28, 3, 39
"/home/galeano/dotfiles/oh-my-zsh/.oh-my-zsh/custom/plugins/zsh-syntax-highlighting/highlighters/main/test-data/redirection-special-cases.zsh", "Shell Script", 11, 0, 0, 0, 0, 0, 0, 0, 0, 30, 4, 45
"/home/galeano/dotfiles/oh-my-zsh/.oh-my-zsh/custom/plugins/zsh-syntax-highlighting/highlighters/main/test-data/redirection.zsh", "Shell Script", 8, 0, 0, 0, 0, 0, 0, 0, 0, 29, 3, 40
"/home/galeano/dotfiles/oh-my-zsh/.oh-my-zsh/custom/plugins/zsh-syntax-highlighting/highlighters/main/test-data/redirection2.zsh", "Shell Script", 11, 0, 0, 0, 0, 0, 0, 0, 0, 28, 3, 42
"/home/galeano/dotfiles/oh-my-zsh/.oh-my-zsh/custom/plugins/zsh-syntax-highlighting/highlighters/main/test-data/redirection3.zsh", "Shell Script", 12, 0, 0, 0, 0, 0, 0, 0, 0, 28, 3, 43
"/home/galeano/dotfiles/oh-my-zsh/.oh-my-zsh/custom/plugins/zsh-syntax-highlighting/highlighters/main/test-data/reserved-word.zsh", "Shell Script", 8, 0, 0, 0, 0, 0, 0, 0, 0, 28, 3, 39
"/home/galeano/dotfiles/oh-my-zsh/.oh-my-zsh/custom/plugins/zsh-syntax-highlighting/highlighters/main/test-data/simple-command.zsh", "Shell Script", 4, 0, 0, 0, 0, 0, 0, 0, 0, 28, 3, 35
"/home/galeano/dotfiles/oh-my-zsh/.oh-my-zsh/custom/plugins/zsh-syntax-highlighting/highlighters/main/test-data/simple-redirection.zsh", "Shell Script", 8, 0, 0, 0, 0, 0, 0, 0, 0, 28, 3, 39
"/home/galeano/dotfiles/oh-my-zsh/.oh-my-zsh/custom/plugins/zsh-syntax-highlighting/highlighters/main/test-data/subshell.zsh", "Shell Script", 21, 0, 0, 0, 0, 0, 0, 0, 0, 28, 3, 52
"/home/galeano/dotfiles/oh-my-zsh/.oh-my-zsh/custom/plugins/zsh-syntax-highlighting/highlighters/main/test-data/sudo-command.zsh", "Shell Script", 19, 0, 0, 0, 0, 0, 0, 0, 0, 32, 4, 55
"/home/galeano/dotfiles/oh-my-zsh/.oh-my-zsh/custom/plugins/zsh-syntax-highlighting/highlighters/main/test-data/sudo-comment.zsh", "Shell Script", 8, 0, 0, 0, 0, 0, 0, 0, 0, 28, 4, 40
"/home/galeano/dotfiles/oh-my-zsh/.oh-my-zsh/custom/plugins/zsh-syntax-highlighting/highlighters/main/test-data/sudo-longopt.zsh", "Shell Script", 7, 0, 0, 0, 0, 0, 0, 0, 0, 29, 3, 39
"/home/galeano/dotfiles/oh-my-zsh/.oh-my-zsh/custom/plugins/zsh-syntax-highlighting/highlighters/main/test-data/sudo-redirection.zsh", "Shell Script", 17, 0, 0, 0, 0, 0, 0, 0, 0, 28, 4, 49
"/home/galeano/dotfiles/oh-my-zsh/.oh-my-zsh/custom/plugins/zsh-syntax-highlighting/highlighters/main/test-data/sudo-redirection2.zsh", "Shell Script", 10, 0, 0, 0, 0, 0, 0, 0, 0, 28, 4, 42
"/home/galeano/dotfiles/oh-my-zsh/.oh-my-zsh/custom/plugins/zsh-syntax-highlighting/highlighters/main/test-data/sudo-redirection3.zsh", "Shell Script", 10, 0, 0, 0, 0, 0, 0, 0, 0, 28, 4, 42
"/home/galeano/dotfiles/oh-my-zsh/.oh-my-zsh/custom/plugins/zsh-syntax-highlighting/highlighters/main/test-data/tilde-command-word.zsh", "Shell Script", 6, 0, 0, 0, 0, 0, 0, 0, 0, 28, 4, 38
"/home/galeano/dotfiles/oh-my-zsh/.oh-my-zsh/custom/plugins/zsh-syntax-highlighting/highlighters/main/test-data/time-and-nocorrect1.zsh", "Shell Script", 8, 0, 0, 0, 0, 0, 0, 0, 0, 29, 3, 40
"/home/galeano/dotfiles/oh-my-zsh/.oh-my-zsh/custom/plugins/zsh-syntax-highlighting/highlighters/main/test-data/time-and-nocorrect2.zsh", "Shell Script", 9, 0, 0, 0, 0, 0, 0, 0, 0, 29, 3, 41
"/home/galeano/dotfiles/oh-my-zsh/.oh-my-zsh/custom/plugins/zsh-syntax-highlighting/highlighters/main/test-data/unbackslash.zsh", "Shell Script", 4, 0, 0, 0, 0, 0, 0, 0, 0, 28, 3, 35
"/home/galeano/dotfiles/oh-my-zsh/.oh-my-zsh/custom/plugins/zsh-syntax-highlighting/highlighters/main/test-data/unknown-command.zsh", "Shell Script", 4, 0, 0, 0, 0, 0, 0, 0, 0, 28, 3, 35
"/home/galeano/dotfiles/oh-my-zsh/.oh-my-zsh/custom/plugins/zsh-syntax-highlighting/highlighters/main/test-data/vanilla-newline.zsh", "Shell Script", 9, 0, 0, 0, 0, 0, 0, 0, 0, 28, 3, 40
"/home/galeano/dotfiles/oh-my-zsh/.oh-my-zsh/custom/plugins/zsh-syntax-highlighting/highlighters/main/test-data/vi-linewise-mode.zsh", "Shell Script", 12, 0, 0, 0, 0, 0, 0, 0, 0, 29, 3, 44
"/home/galeano/dotfiles/oh-my-zsh/.oh-my-zsh/custom/plugins/zsh-syntax-highlighting/highlighters/pattern/README.md", "Markdown", 0, 16, 0, 0, 0, 0, 0, 0, 0, 0, 9, 25
"/home/galeano/dotfiles/oh-my-zsh/.oh-my-zsh/custom/plugins/zsh-syntax-highlighting/highlighters/pattern/pattern-highlighter.zsh", "Shell Script", 23, 0, 0, 0, 0, 0, 0, 0, 0, 32, 6, 61
"/home/galeano/dotfiles/oh-my-zsh/.oh-my-zsh/custom/plugins/zsh-syntax-highlighting/highlighters/pattern/test-data/rm-rf.zsh", "Shell Script", 5, 0, 0, 0, 0, 0, 0, 0, 0, 28, 4, 37
"/home/galeano/dotfiles/oh-my-zsh/.oh-my-zsh/custom/plugins/zsh-syntax-highlighting/highlighters/regexp/README.md", "Markdown", 0, 48, 0, 0, 0, 0, 0, 0, 0, 0, 18, 66
"/home/galeano/dotfiles/oh-my-zsh/.oh-my-zsh/custom/plugins/zsh-syntax-highlighting/highlighters/regexp/regexp-highlighter.zsh", "Shell Script", 26, 0, 0, 0, 0, 0, 0, 0, 0, 31, 6, 63
"/home/galeano/dotfiles/oh-my-zsh/.oh-my-zsh/custom/plugins/zsh-syntax-highlighting/highlighters/regexp/test-data/complex.zsh", "Shell Script", 6, 0, 0, 0, 0, 0, 0, 0, 0, 28, 4, 38
"/home/galeano/dotfiles/oh-my-zsh/.oh-my-zsh/custom/plugins/zsh-syntax-highlighting/highlighters/regexp/test-data/subexpression.zsh", "Shell Script", 5, 0, 0, 0, 0, 0, 0, 0, 0, 29, 3, 37
"/home/galeano/dotfiles/oh-my-zsh/.oh-my-zsh/custom/plugins/zsh-syntax-highlighting/highlighters/regexp/test-data/word-boundary.zsh", "Shell Script", 10, 0, 0, 0, 0, 0, 0, 0, 0, 28, 5, 43
"/home/galeano/dotfiles/oh-my-zsh/.oh-my-zsh/custom/plugins/zsh-syntax-highlighting/highlighters/root/README.md", "Markdown", 0, 16, 0, 0, 0, 0, 0, 0, 0, 0, 10, 26
"/home/galeano/dotfiles/oh-my-zsh/.oh-my-zsh/custom/plugins/zsh-syntax-highlighting/highlighters/root/root-highlighter.zsh", "Shell Script", 9, 0, 0, 0, 0, 0, 0, 0, 0, 31, 5, 45
"/home/galeano/dotfiles/oh-my-zsh/.oh-my-zsh/custom/plugins/zsh-syntax-highlighting/release.md", "Markdown", 0, 20, 0, 0, 0, 0, 0, 0, 0, 0, 2, 22
"/home/galeano/dotfiles/oh-my-zsh/.oh-my-zsh/custom/plugins/zsh-syntax-highlighting/tests/README.md", "Markdown", 0, 90, 0, 0, 0, 0, 0, 0, 0, 0, 35, 125
"/home/galeano/dotfiles/oh-my-zsh/.oh-my-zsh/custom/plugins/zsh-syntax-highlighting/tests/generate.zsh", "Shell Script", 66, 0, 0, 0, 0, 0, 0, 0, 0, 39, 13, 118
"/home/galeano/dotfiles/oh-my-zsh/.oh-my-zsh/custom/plugins/zsh-syntax-highlighting/tests/tap-colorizer.zsh", "Shell Script", 30, 0, 0, 0, 0, 0, 0, 0, 0, 37, 5, 72
"/home/galeano/dotfiles/oh-my-zsh/.oh-my-zsh/custom/plugins/zsh-syntax-highlighting/tests/test-highlighting.zsh", "Shell Script", 198, 0, 0, 0, 0, 0, 0, 0, 0, 62, 32, 292
"/home/galeano/dotfiles/oh-my-zsh/.oh-my-zsh/custom/plugins/zsh-syntax-highlighting/tests/test-perfs.zsh", "Shell Script", 45, 0, 0, 0, 0, 0, 0, 0, 0, 42, 17, 104
"/home/galeano/dotfiles/oh-my-zsh/.oh-my-zsh/custom/plugins/zsh-syntax-highlighting/tests/test-zprof.zsh", "Shell Script", 31, 0, 0, 0, 0, 0, 0, 0, 0, 36, 12, 79
"/home/galeano/dotfiles/oh-my-zsh/.oh-my-zsh/custom/plugins/zsh-syntax-highlighting/zsh-syntax-highlighting.plugin.zsh", "Shell Script", 2, 0, 0, 0, 0, 0, 0, 0, 0, 0, 1, 3
"/home/galeano/dotfiles/oh-my-zsh/.oh-my-zsh/custom/plugins/zsh-syntax-highlighting/zsh-syntax-highlighting.zsh", "Shell Script", 308, 0, 0, 0, 0, 0, 0, 0, 0, 205, 75, 588
"/home/galeano/dotfiles/polybar/.config/polybar/launch.sh", "Shell Script", 5, 0, 0, 0, 0, 0, 0, 0, 0, 6, 3, 14
"Total", "-", 5602, 1928, 16, 108, 885, 82, 2, 85, 46, 10510, 2905, 22169